time,left,right,total
1689369347.1,0, 0, 0
1689369347.2,0, 0, 0
1689369347.3,0, 0, 0
1689369347.4,0, 0, 0
1689369347.5,0, 0, 0
1689369347.6,0, 0, 0
1689369347.7,1, 0, 1
1689369347.8,1, 0, 1
1689369347.9,1, 0, 1
1689369348.0,1, 0, 1
1689369348.1,1, 0, 1
1689369348.2,1, 0, 1
1689369348.3,1, 0, 1
1689369348.4,1, 0, 1
1689369348.5,1, 0, 1
1689369348.6,1, 0, 1
1689369348.7,1, 0, 1
1689369348.8,1, 0, 1
1689369348.9,1, 0, 1
1689369349.0,1, 0, 1
1689369349.1,1, 0, 1
1689369349.2,1, 0, 1
1689369349.3,1, 0, 1
1689369349.4,1, 0, 1
1689369349.5,1, 0, 1
1689369349.6,1, 0, 1
1689369349.7,1, 0, 1
1689369349.8,1, 0, 1
1689369349.9,1, 0, 1
1689369350.0,1, 0, 1
1689369350.1,1, 0, 1
1689369350.2,1, 0, 1
1689369350.3,1, 0, 1
1689369350.4,1, 0, 1
1689369350.5,1, 0, 1
1689369350.6,1, 0, 1
1689369350.7,1, 0, 1
1689369350.8,1, 0, 1
1689369350.9,1, 0, 1
1689369351.0,1, 0, 1
1689369351.1,1, 0, 1
1689369351.2,1, 0, 1
1689369351.3,1, 0, 1
1689369351.4,1, 0, 1
1689369351.5,1, 0, 1
1689369351.6,1, 0, 1
1689369351.7,1, 0, 1
1689369351.8,1, 0, 1
1689369351.9,1, 0, 1
1689369352.0,1, 0, 1
1689369352.1,1, 0, 1
1689369352.2,1, 0, 1
1689369352.3,1, 0, 1
1689369352.4,1, 0, 1
1689369352.5,1, 0, 1
1689369352.6,2, 0, 2
1689369352.7,2, 0, 2
1689369352.8,2, 0, 2
1689369352.9,2, 0, 2
1689369353.0,2, 0, 2
1689369353.1,2, 0, 2
1689369353.2,2, 0, 2
1689369353.3,2, 0, 2
1689369353.4,2, 0, 2
1689369353.5,2, 0, 2
1689369353.6,2, 0, 2
1689369353.7,2, 0, 2
1689369353.8,2, 0, 2
1689369353.9,2, 0, 2
1689369354.0,2, 0, 2
1689369354.1,2, 0, 2
1689369354.2,2, 0, 2
1689369354.3,2, 0, 2
1689369354.4,1, 0, 1
1689369354.5,2, 0, 2
1689369354.6,2, 0, 2
1689369354.7,2, 0, 2
1689369354.8,3, 0, 3
1689369354.9,3, 0, 3
1689369355.0,3, 0, 3
1689369355.1,3, 0, 3
1689369355.2,3, 0, 3
1689369355.3,3, 0, 3
1689369355.4,3, 0, 3
1689369355.5,3, 0, 3
1689369355.6,3, 0, 3
1689369355.7,2, 0, 2
1689369355.8,2, 0, 2
1689369355.9,2, 0, 2
1689369356.0,2, 0, 2
1689369356.1,2, 1, 3
1689369356.2,2, 1, 3
1689369356.3,2, 1, 3
1689369356.4,2, 1, 3
1689369356.5,2, 1, 3
1689369356.6,2, 1, 3
1689369356.7,2, 1, 3
1689369356.8,2, 1, 3
1689369356.9,2, 2, 4
1689369357.0,2, 1, 3
1689369357.1,2, 1, 3
1689369357.2,1, 1, 2
1689369357.3,1, 1, 2
1689369357.4,1, 1, 2
1689369357.5,1, 1, 2
1689369357.6,1, 1, 2
1689369357.7,1, 1, 2
1689369357.8,1, 1, 2
1689369357.9,1, 1, 2
1689369358.0,1, 1, 2
1689369358.1,1, 0, 1
1689369358.2,1, 0, 1
1689369358.3,1, 0, 1
1689369358.4,1, 0, 1
1689369358.5,1, 0, 1
1689369358.6,1, 0, 1
1689369358.7,1, 0, 1
1689369358.8,1, 0, 1
1689369358.9,1, 0, 1
1689369359.0,1, 0, 1
1689369359.1,1, 0, 1
1689369359.2,1, 0, 1
1689369359.3,0, 0, 0
1689369359.4,0, 0, 0
1689369359.5,0, 0, 0
1689369359.6,0, 0, 0
1689369359.7,0, 0, 0
1689369359.8,0, 0, 0
1689369359.9,0, 0, 0
1689369360.0,0, 0, 0
1689369360.1,0, 0, 0
1689369360.2,0, 0, 0
1689369360.3,0, 0, 0
1689369360.4,0, 0, 0
1689369360.5,0, 0, 0
1689369360.6,0, 0, 0
1689369360.7,0, 0, 0
1689369360.8,0, 0, 0
1689369360.9,0, 0, 0
1689369361.0,0, 0, 0
1689369361.1,0, 0, 0
1689369361.2,0, 0, 0
1689369361.3,0, 0, 0
1689369361.4,0, 0, 0
1689369361.5,0, 0, 0
1689369361.6,0, 0, 0
1689369361.7,0, 0, 0
1689369361.8,0, 0, 0
1689369361.9,0, 0, 0
1689369362.0,0, 0, 0
1689369362.1,0, 0, 0
1689369362.2,0, 0, 0
1689369362.3,0, 0, 0
1689369362.4,0, 0, 0
1689369362.5,0, 0, 0
1689369362.6,0, 0, 0
1689369362.7,0, 0, 0
1689369362.8,0, 0, 0
1689369362.9,0, 0, 0
1689369363.0,0, 0, 0
1689369363.1,0, 0, 0
1689369363.2,0, 0, 0
1689369363.3,0, 0, 0
1689369363.4,0, 0, 0
1689369363.5,0, 0, 0
1689369363.6,0, 0, 0
1689369363.7,0, 0, 0
1689369363.8,0, 0, 0
1689369363.9,0, 0, 0
1689369364.0,0, 0, 0
1689369364.1,0, 0, 0
1689369364.2,0, 1, 1
1689369364.3,0, 1, 1
1689369364.4,0, 1, 1
1689369364.5,0, 1, 1
1689369364.6,0, 1, 1
1689369364.7,0, 1, 1
1689369364.8,0, 1, 1
1689369364.9,0, 1, 1
1689369365.0,0, 1, 1
1689369365.1,0, 1, 1
1689369365.2,0, 1, 1
1689369365.3,0, 1, 1
1689369365.4,0, 1, 1
1689369365.5,0, 1, 1
1689369365.6,0, 1, 1
1689369365.7,0, 2, 2
1689369365.8,0, 2, 2
1689369365.9,0, 2, 2
1689369366.0,0, 2, 2
1689369366.1,0, 2, 2
1689369366.2,0, 2, 2
1689369366.3,0, 1, 1
1689369366.4,0, 1, 1
1689369366.5,0, 1, 1
1689369366.6,0, 1, 1
1689369366.7,0, 2, 2
1689369366.8,0, 2, 2
1689369366.9,0, 2, 2
1689369367.0,0, 2, 2
1689369367.1,0, 2, 2
1689369367.2,0, 2, 2
1689369367.3,1, 2, 3
1689369367.4,1, 2, 3
1689369367.5,1, 2, 3
1689369367.6,1, 2, 3
1689369367.7,1, 2, 3
1689369367.8,1, 2, 3
1689369367.9,1, 2, 3
1689369368.0,1, 2, 3
1689369368.1,1, 2, 3
1689369368.2,1, 2, 3
1689369368.3,1, 2, 3
1689369368.4,1, 2, 3
1689369368.5,1, 2, 3
1689369368.6,1, 2, 3
1689369368.7,1, 2, 3
1689369368.8,1, 2, 3
1689369368.9,1, 1, 2
1689369369.0,1, 1, 2
1689369369.1,1, 1, 2
1689369369.2,1, 1, 2
1689369369.3,1, 1, 2
1689369369.4,1, 1, 2
1689369369.5,1, 1, 2
1689369369.6,1, 1, 2
1689369369.7,1, 1, 2
1689369369.8,2, 1, 3
1689369369.9,2, 1, 3
1689369370.0,1, 1, 2
1689369370.1,2, 1, 3
1689369370.2,2, 1, 3
1689369370.3,2, 1, 3
1689369370.4,2, 1, 3
1689369370.5,2, 1, 3
1689369370.6,2, 1, 3
1689369370.7,3, 1, 4
1689369370.8,3, 1, 4
1689369370.9,3, 1, 4
1689369371.0,2, 1, 3
1689369371.1,2, 1, 3
1689369371.2,1, 1, 2
1689369371.3,1, 1, 2
1689369371.4,1, 1, 2
1689369371.5,1, 0, 1
1689369371.6,1, 0, 1
1689369371.7,1, 0, 1
1689369371.8,1, 0, 1
1689369371.9,1, 0, 1
1689369372.0,1, 0, 1
1689369372.1,1, 0, 1
1689369372.2,1, 0, 1
1689369372.3,1, 0, 1
1689369372.4,1, 0, 1
1689369372.5,1, 0, 1
1689369372.6,1, 0, 1
1689369372.7,1, 0, 1
1689369372.8,1, 0, 1
1689369372.9,1, 0, 1
1689369373.0,1, 0, 1
1689369373.1,1, 0, 1
1689369373.2,1, 0, 1
1689369373.3,1, 0, 1
1689369373.4,1, 0, 1
1689369373.5,1, 0, 1
1689369373.6,1, 0, 1
1689369373.7,1, 0, 1
1689369373.8,1, 0, 1
1689369373.9,1, 0, 1
1689369374.0,1, 0, 1
1689369374.1,1, 0, 1
1689369374.2,1, 0, 1
1689369374.3,1, 0, 1
1689369374.4,1, 0, 1
1689369374.5,1, 0, 1
1689369374.6,1, 0, 1
1689369374.7,1, 0, 1
1689369374.8,1, 0, 1
1689369374.9,1, 0, 1
1689369375.0,1, 0, 1
1689369375.1,0, 0, 0
1689369375.2,0, 0, 0
1689369375.3,0, 0, 0
1689369375.4,0, 0, 0
1689369375.5,0, 0, 0
1689369375.6,0, 0, 0
1689369375.7,0, 0, 0
1689369375.8,0, 0, 0
1689369375.9,0, 0, 0
1689369376.0,0, 0, 0
1689369376.1,0, 0, 0
1689369376.2,0, 0, 0
1689369376.3,0, 0, 0
1689369376.4,0, 0, 0
1689369376.5,0, 0, 0
1689369376.6,0, 0, 0
1689369376.7,0, 0, 0
1689369376.8,0, 0, 0
1689369376.9,0, 0, 0
1689369377.0,0, 0, 0
1689369377.1,0, 0, 0
1689369377.2,0, 0, 0
1689369377.3,0, 0, 0
1689369377.4,0, 0, 0
1689369377.5,0, 0, 0
1689369377.6,0, 0, 0
1689369377.7,0, 0, 0
1689369377.8,0, 0, 0
1689369377.9,0, 0, 0
1689369378.0,0, 0, 0
1689369378.1,0, 0, 0
1689369378.2,1, 0, 1
1689369378.3,1, 0, 1
1689369378.4,1, 0, 1
1689369378.5,1, 0, 1
1689369378.6,1, 0, 1
1689369378.7,1, 0, 1
1689369378.8,1, 0, 1
1689369378.9,1, 0, 1
1689369379.0,1, 0, 1
1689369379.1,1, 0, 1
1689369379.2,1, 0, 1
1689369379.3,1, 0, 1
1689369379.4,1, 0, 1
1689369379.5,1, 0, 1
1689369379.6,1, 0, 1
1689369379.7,1, 0, 1
1689369379.8,1, 0, 1
1689369379.9,1, 0, 1
1689369380.0,1, 0, 1
1689369380.1,1, 0, 1
1689369380.2,1, 0, 1
1689369380.3,1, 0, 1
1689369380.4,1, 0, 1
1689369380.5,1, 0, 1
1689369380.6,1, 0, 1
1689369380.7,1, 0, 1
1689369380.8,1, 0, 1
1689369380.9,1, 0, 1
1689369381.0,1, 0, 1
1689369381.1,1, 0, 1
1689369381.2,1, 0, 1
1689369381.3,1, 0, 1
1689369381.4,1, 0, 1
1689369381.5,1, 0, 1
1689369381.6,1, 0, 1
1689369381.7,1, 0, 1
1689369381.8,1, 0, 1
1689369381.9,1, 0, 1
1689369382.0,1, 0, 1
1689369382.1,1, 0, 1
1689369382.2,1, 0, 1
1689369382.3,1, 0, 1
1689369382.4,1, 0, 1
1689369382.5,1, 0, 1
1689369382.6,1, 0, 1
1689369382.7,1, 0, 1
1689369382.8,1, 0, 1
1689369382.9,1, 0, 1
1689369383.0,1, 0, 1
1689369383.1,1, 0, 1
1689369383.2,1, 0, 1
1689369383.3,1, 0, 1
1689369383.4,1, 0, 1
1689369383.5,1, 0, 1
1689369383.6,1, 0, 1
1689369383.7,1, 0, 1
1689369383.8,1, 0, 1
1689369383.9,1, 0, 1
1689369384.0,1, 0, 1
1689369384.1,1, 0, 1
1689369384.2,1, 0, 1
1689369384.3,1, 0, 1
1689369384.4,1, 0, 1
1689369384.5,1, 0, 1
1689369384.6,1, 0, 1
1689369384.7,1, 0, 1
1689369384.8,1, 0, 1
1689369384.9,1, 0, 1
1689369385.0,1, 0, 1
1689369385.1,1, 0, 1
1689369385.2,1, 0, 1
1689369385.3,1, 0, 1
1689369385.4,1, 0, 1
1689369385.5,1, 0, 1
1689369385.6,1, 0, 1
1689369385.7,1, 0, 1
1689369385.8,1, 0, 1
1689369385.9,1, 0, 1
1689369386.0,1, 0, 1
1689369386.1,1, 0, 1
1689369386.2,1, 0, 1
1689369386.3,1, 0, 1
1689369386.4,1, 0, 1
1689369386.5,1, 0, 1
1689369386.6,1, 0, 1
1689369386.7,1, 0, 1
1689369386.8,1, 0, 1
1689369386.9,1, 0, 1
1689369387.0,1, 0, 1
1689369387.1,1, 0, 1
1689369387.2,1, 0, 1
1689369387.3,1, 0, 1
1689369387.4,1, 0, 1
1689369387.5,1, 0, 1
1689369387.6,1, 0, 1
1689369387.7,1, 0, 1
1689369387.8,1, 0, 1
1689369387.9,1, 0, 1
1689369388.0,1, 0, 1
1689369388.1,1, 0, 1
1689369388.2,1, 0, 1
1689369388.3,1, 0, 1
1689369388.4,1, 0, 1
1689369388.5,1, 0, 1
1689369388.6,1, 0, 1
1689369388.7,1, 0, 1
1689369388.8,1, 0, 1
1689369388.9,1, 0, 1
1689369389.0,1, 0, 1
1689369389.1,1, 0, 1
1689369389.2,1, 0, 1
1689369389.3,1, 0, 1
1689369389.4,1, 0, 1
1689369389.5,1, 0, 1
1689369389.6,1, 0, 1
1689369389.7,1, 0, 1
1689369389.8,1, 0, 1
1689369389.9,1, 0, 1
1689369390.0,1, 0, 1
1689369390.1,1, 0, 1
1689369390.2,1, 0, 1
1689369390.3,1, 0, 1
1689369390.4,1, 0, 1
1689369390.5,1, 0, 1
1689369390.6,1, 0, 1
1689369390.7,1, 0, 1
1689369390.8,1, 0, 1
1689369390.9,1, 0, 1
1689369391.0,1, 0, 1
1689369391.1,1, 0, 1
1689369391.2,1, 0, 1
1689369391.3,1, 0, 1
1689369391.4,1, 0, 1
1689369391.5,1, 0, 1
1689369391.6,1, 0, 1
1689369391.7,1, 0, 1
1689369391.8,1, 0, 1
1689369391.9,1, 0, 1
1689369392.0,1, 0, 1
1689369392.1,1, 0, 1
1689369392.2,1, 0, 1
1689369392.3,1, 0, 1
1689369392.4,1, 0, 1
1689369392.5,1, 0, 1
1689369392.6,1, 0, 1
1689369392.7,1, 0, 1
1689369392.8,1, 0, 1
1689369392.9,1, 0, 1
1689369393.0,1, 0, 1
1689369393.1,1, 0, 1
1689369393.2,1, 0, 1
1689369393.3,1, 0, 1
1689369393.4,1, 0, 1
1689369393.5,1, 0, 1
1689369393.6,1, 0, 1
1689369393.7,1, 0, 1
1689369393.8,1, 0, 1
1689369393.9,1, 0, 1
1689369394.0,1, 0, 1
1689369394.1,1, 0, 1
1689369394.2,1, 0, 1
1689369394.3,1, 0, 1
1689369394.4,1, 0, 1
1689369394.5,1, 0, 1
1689369394.6,1, 0, 1
1689369394.7,1, 0, 1
1689369394.8,1, 0, 1
1689369394.9,1, 0, 1
1689369395.0,1, 0, 1
1689369395.1,1, 0, 1
1689369395.2,1, 0, 1
1689369395.3,1, 0, 1
1689369395.4,1, 0, 1
1689369395.5,1, 0, 1
1689369395.6,1, 0, 1
1689369395.7,1, 0, 1
1689369395.8,1, 0, 1
1689369395.9,1, 0, 1
1689369396.0,1, 0, 1
1689369396.1,1, 0, 1
1689369396.2,1, 0, 1
1689369396.3,1, 0, 1
1689369396.4,1, 0, 1
1689369396.5,1, 0, 1
1689369396.6,1, 0, 1
1689369396.7,1, 0, 1
1689369396.8,1, 0, 1
1689369396.9,1, 0, 1
1689369397.0,1, 0, 1
1689369397.1,1, 0, 1
1689369397.2,1, 0, 1
1689369397.3,1, 0, 1
1689369397.4,1, 0, 1
1689369397.5,1, 0, 1
1689369397.6,1, 0, 1
1689369397.7,1, 0, 1
1689369397.8,0, 0, 0
1689369397.9,1, 0, 1
1689369398.0,1, 0, 1
1689369398.1,0, 1, 1
1689369398.2,0, 1, 1
1689369398.3,0, 0, 0
1689369398.4,0, 0, 0
1689369398.5,0, 0, 0
1689369398.6,0, 0, 0
1689369398.7,0, 0, 0
1689369398.8,0, 0, 0
1689369398.9,0, 0, 0
1689369399.0,0, 1, 1
1689369399.1,0, 1, 1
1689369399.2,0, 1, 1
1689369399.3,0, 0, 0
1689369399.4,0, 0, 0
1689369399.5,0, 0, 0
1689369399.6,0, 0, 0
1689369399.7,0, 0, 0
1689369399.8,0, 0, 0
1689369399.9,0, 0, 0
1689369400.0,0, 0, 0
1689369400.1,0, 0, 0
1689369400.2,0, 0, 0
1689369400.3,0, 0, 0
1689369400.4,0, 0, 0
1689369400.5,0, 0, 0
1689369400.6,0, 0, 0
1689369400.7,0, 0, 0
1689369400.8,0, 0, 0
1689369400.9,0, 0, 0
1689369401.0,0, 0, 0
1689369401.1,0, 0, 0
1689369401.2,0, 0, 0
1689369401.3,0, 0, 0
1689369401.4,0, 0, 0
1689369401.5,0, 0, 0
1689369401.6,0, 0, 0
1689369401.7,0, 0, 0
1689369401.8,0, 0, 0
1689369401.9,0, 0, 0
1689369402.0,0, 0, 0
1689369402.1,0, 0, 0
1689369402.2,0, 0, 0
1689369402.3,0, 0, 0
1689369402.4,0, 0, 0
1689369402.5,0, 0, 0
1689369402.6,0, 0, 0
1689369402.7,0, 0, 0
1689369402.8,0, 0, 0
1689369402.9,0, 0, 0
1689369403.0,0, 0, 0
1689369403.1,0, 0, 0
1689369403.2,0, 0, 0
1689369403.3,0, 0, 0
1689369403.4,0, 0, 0
1689369403.5,0, 0, 0
1689369403.6,0, 0, 0
1689369403.7,0, 0, 0
1689369403.8,0, 0, 0
1689369403.9,0, 1, 1
1689369404.0,0, 1, 1
1689369404.1,0, 1, 1
1689369404.2,0, 1, 1
1689369404.3,0, 1, 1
1689369404.4,0, 1, 1
1689369404.5,0, 1, 1
1689369404.6,0, 1, 1
1689369404.7,0, 1, 1
1689369404.8,0, 1, 1
1689369404.9,0, 1, 1
1689369405.0,0, 1, 1
1689369405.1,0, 1, 1
1689369405.2,0, 1, 1
1689369405.3,0, 1, 1
1689369405.4,0, 1, 1
1689369405.5,0, 1, 1
1689369405.6,0, 1, 1
1689369405.7,0, 1, 1
1689369405.8,0, 0, 0
1689369405.9,0, 0, 0
1689369406.0,0, 0, 0
1689369406.1,0, 0, 0
1689369406.2,0, 0, 0
1689369406.3,0, 0, 0
1689369406.4,0, 0, 0
1689369406.5,0, 0, 0
1689369406.6,0, 1, 1
1689369406.7,0, 1, 1
1689369406.8,0, 1, 1
1689369406.9,0, 0, 0
1689369407.0,0, 0, 0
1689369407.1,0, 0, 0
1689369407.2,0, 0, 0
1689369407.3,0, 0, 0
1689369407.4,0, 0, 0
1689369407.5,0, 0, 0
1689369407.6,0, 0, 0
1689369407.7,0, 0, 0
1689369407.8,0, 0, 0
1689369407.9,0, 0, 0
1689369408.0,0, 0, 0
1689369408.1,0, 0, 0
1689369408.2,0, 0, 0
1689369408.3,0, 0, 0
1689369408.4,0, 0, 0
1689369408.5,0, 0, 0
1689369408.6,0, 0, 0
1689369408.7,0, 0, 0
1689369408.8,0, 0, 0
1689369408.9,0, 0, 0
1689369409.0,0, 0, 0
1689369409.1,0, 0, 0
1689369409.2,0, 0, 0
1689369409.3,0, 0, 0
1689369409.4,0, 0, 0
1689369409.5,0, 0, 0
1689369409.6,0, 0, 0
1689369409.7,0, 0, 0
1689369409.8,0, 0, 0
1689369409.9,0, 0, 0
1689369410.0,0, 0, 0
1689369410.1,0, 0, 0
1689369410.2,0, 0, 0
1689369410.3,0, 0, 0
1689369410.4,0, 0, 0
1689369410.5,0, 0, 0
1689369410.6,0, 0, 0
1689369410.7,0, 0, 0
1689369410.8,0, 0, 0
1689369410.9,0, 0, 0
1689369411.0,0, 0, 0
1689369411.1,0, 0, 0
1689369411.2,0, 0, 0
1689369411.3,0, 0, 0
1689369411.4,0, 0, 0
1689369411.5,0, 1, 1
1689369411.6,0, 1, 1
1689369411.7,0, 1, 1
1689369411.8,0, 1, 1
1689369411.9,0, 1, 1
1689369412.0,0, 1, 1
1689369412.1,0, 1, 1
1689369412.2,0, 1, 1
1689369412.3,0, 0, 0
1689369412.4,0, 1, 1
1689369412.5,0, 0, 0
1689369412.6,0, 0, 0
1689369412.7,0, 0, 0
1689369412.8,0, 0, 0
1689369412.9,0, 0, 0
1689369413.0,0, 0, 0
1689369413.1,0, 0, 0
1689369413.2,0, 0, 0
1689369413.3,0, 0, 0
1689369413.4,0, 0, 0
1689369413.5,0, 0, 0
1689369413.6,0, 0, 0
1689369413.7,0, 0, 0
1689369413.8,0, 0, 0
1689369413.9,0, 0, 0
1689369414.0,0, 1, 1
1689369414.1,0, 1, 1
1689369414.2,0, 1, 1
1689369414.3,0, 1, 1
1689369414.4,0, 1, 1
1689369414.5,0, 1, 1
1689369414.6,0, 1, 1
1689369414.7,0, 1, 1
1689369414.8,0, 1, 1
1689369414.9,0, 1, 1
1689369415.0,0, 1, 1
1689369415.1,0, 1, 1
1689369415.2,0, 1, 1
1689369415.3,0, 1, 1
1689369415.4,0, 1, 1
1689369415.5,0, 1, 1
1689369415.6,0, 1, 1
1689369415.7,0, 1, 1
1689369415.8,0, 0, 0
1689369415.9,0, 0, 0
1689369416.0,0, 0, 0
1689369416.1,0, 0, 0
1689369416.2,0, 0, 0
1689369416.3,0, 0, 0
1689369416.4,0, 0, 0
1689369416.5,0, 1, 1
1689369416.6,0, 1, 1
1689369416.7,0, 1, 1
1689369416.8,0, 1, 1
1689369416.9,0, 1, 1
1689369417.0,0, 1, 1
1689369417.1,0, 1, 1
1689369417.2,0, 1, 1
1689369417.3,0, 1, 1
1689369417.4,0, 1, 1
1689369417.5,0, 0, 0
1689369417.6,0, 0, 0
1689369417.7,0, 0, 0
1689369417.8,0, 0, 0
1689369417.9,0, 0, 0
1689369418.0,0, 0, 0
1689369418.1,0, 0, 0
1689369418.2,0, 0, 0
1689369418.3,0, 0, 0
1689369418.4,0, 0, 0
1689369418.5,0, 0, 0
1689369418.6,0, 0, 0
1689369418.7,0, 0, 0
1689369418.8,0, 0, 0
1689369418.9,0, 0, 0
1689369419.0,0, 1, 1
1689369419.1,0, 1, 1
1689369419.2,0, 1, 1
1689369419.3,0, 1, 1
1689369419.4,0, 1, 1
1689369419.5,0, 1, 1
1689369419.6,0, 1, 1
1689369419.7,0, 1, 1
1689369419.8,0, 1, 1
1689369419.9,0, 1, 1
1689369420.0,0, 1, 1
1689369420.1,0, 1, 1
1689369420.2,0, 1, 1
1689369420.3,0, 1, 1
1689369420.4,0, 1, 1
1689369420.5,0, 1, 1
1689369420.6,0, 1, 1
1689369420.7,0, 1, 1
1689369420.8,0, 1, 1
1689369420.9,0, 1, 1
1689369421.0,0, 1, 1
1689369421.1,0, 1, 1
1689369421.2,0, 0, 0
1689369421.3,0, 0, 0
1689369421.4,0, 0, 0
1689369421.5,0, 0, 0
1689369421.6,0, 0, 0
1689369421.7,0, 0, 0
1689369421.8,0, 1, 1
1689369421.9,0, 1, 1
1689369422.0,0, 1, 1
1689369422.1,0, 1, 1
1689369422.2,0, 1, 1
1689369422.3,0, 1, 1
1689369422.4,0, 1, 1
1689369422.5,0, 1, 1
1689369422.6,0, 0, 0
1689369422.7,0, 0, 0
1689369422.8,0, 0, 0
1689369422.9,0, 0, 0
1689369423.0,0, 0, 0
1689369423.1,0, 0, 0
1689369423.2,0, 0, 0
1689369423.3,0, 0, 0
1689369423.4,0, 0, 0
1689369423.5,0, 0, 0
1689369423.6,0, 0, 0
1689369423.7,0, 0, 0
1689369423.8,0, 0, 0
1689369423.9,0, 0, 0
1689369424.0,0, 0, 0
1689369424.1,0, 0, 0
1689369424.2,0, 0, 0
1689369424.3,0, 0, 0
1689369424.4,0, 0, 0
1689369424.5,0, 0, 0
1689369424.6,0, 0, 0
1689369424.7,0, 0, 0
1689369424.8,0, 0, 0
1689369424.9,0, 0, 0
1689369425.0,0, 0, 0
1689369425.1,0, 1, 1
1689369425.2,0, 1, 1
1689369425.3,0, 1, 1
1689369425.4,0, 1, 1
1689369425.5,0, 1, 1
1689369425.6,0, 1, 1
1689369425.7,0, 0, 0
1689369425.8,0, 0, 0
1689369425.9,0, 0, 0
1689369426.0,0, 0, 0
1689369426.1,0, 0, 0
1689369426.2,0, 0, 0
1689369426.3,0, 0, 0
1689369426.4,0, 0, 0
1689369426.5,0, 0, 0
1689369426.6,0, 0, 0
1689369426.7,0, 0, 0
1689369426.8,0, 1, 1
1689369426.9,0, 1, 1
1689369427.0,0, 1, 1
1689369427.1,0, 1, 1
1689369427.2,0, 1, 1
1689369427.3,0, 1, 1
1689369427.4,0, 1, 1
1689369427.5,0, 1, 1
1689369427.6,0, 2, 2
1689369427.7,0, 3, 3
1689369427.8,0, 2, 2
1689369427.9,0, 2, 2
1689369428.0,0, 2, 2
1689369428.1,0, 2, 2
1689369428.2,0, 2, 2
1689369428.3,0, 2, 2
1689369428.4,0, 2, 2
1689369428.5,0, 2, 2
1689369428.6,0, 2, 2
1689369428.7,0, 2, 2
1689369428.8,0, 2, 2
1689369428.9,0, 2, 2
1689369429.0,0, 2, 2
1689369429.1,0, 2, 2
1689369429.2,0, 2, 2
1689369429.3,0, 2, 2
1689369429.4,0, 2, 2
1689369429.5,0, 2, 2
1689369429.6,0, 1, 1
1689369429.7,0, 0, 0
1689369429.8,0, 0, 0
1689369429.9,0, 0, 0
1689369430.0,0, 0, 0
1689369430.1,0, 0, 0
1689369430.2,0, 0, 0
1689369430.3,0, 0, 0
1689369430.4,0, 0, 0
1689369430.5,0, 0, 0
1689369430.6,0, 0, 0
1689369430.7,0, 0, 0
1689369430.8,0, 0, 0
1689369430.9,0, 0, 0
1689369431.0,0, 0, 0
1689369431.1,0, 0, 0
1689369431.2,0, 0, 0
1689369431.3,0, 0, 0
1689369431.4,0, 0, 0
1689369431.5,0, 0, 0
1689369431.6,0, 0, 0
1689369431.7,0, 0, 0
1689369431.8,0, 0, 0
1689369431.9,0, 0, 0
1689369432.0,0, 0, 0
1689369432.1,0, 0, 0
1689369432.2,0, 0, 0
1689369432.3,0, 0, 0
1689369432.4,0, 0, 0
1689369432.5,0, 0, 0
1689369432.6,0, 0, 0
1689369432.7,0, 0, 0
1689369432.8,0, 0, 0
1689369432.9,0, 0, 0
1689369433.0,0, 0, 0
1689369433.1,0, 0, 0
1689369433.2,0, 0, 0
1689369433.3,0, 0, 0
1689369433.4,0, 0, 0
1689369433.5,0, 0, 0
1689369433.6,0, 0, 0
1689369433.7,0, 0, 0
1689369433.8,0, 0, 0
1689369433.9,0, 0, 0
1689369434.0,0, 0, 0
1689369434.1,0, 0, 0
1689369434.2,0, 0, 0
1689369434.3,0, 0, 0
1689369434.4,0, 0, 0
1689369434.5,0, 1, 1
1689369434.6,0, 1, 1
1689369434.7,1, 1, 2
1689369434.8,1, 1, 2
1689369434.9,1, 1, 2
1689369435.0,1, 1, 2
1689369435.1,1, 1, 2
1689369435.2,1, 1, 2
1689369435.3,1, 1, 2
1689369435.4,1, 0, 1
1689369435.5,1, 0, 1
1689369435.6,1, 0, 1
1689369435.7,1, 0, 1
1689369435.8,1, 0, 1
1689369435.9,1, 0, 1
1689369436.0,1, 0, 1
1689369436.1,1, 0, 1
1689369436.2,1, 0, 1
1689369436.3,1, 0, 1
1689369436.4,1, 0, 1
1689369436.5,1, 0, 1
1689369436.6,0, 0, 0
1689369436.7,0, 0, 0
1689369436.8,0, 0, 0
1689369436.9,0, 0, 0
1689369437.0,0, 0, 0
1689369437.1,0, 0, 0
1689369437.2,0, 0, 0
1689369437.3,0, 0, 0
1689369437.4,0, 0, 0
1689369437.5,0, 1, 1
1689369437.6,0, 2, 2
1689369437.7,0, 2, 2
1689369437.8,0, 2, 2
1689369437.9,0, 2, 2
1689369438.0,0, 2, 2
1689369438.1,0, 2, 2
1689369438.2,0, 2, 2
1689369438.3,0, 2, 2
1689369438.4,0, 2, 2
1689369438.5,0, 2, 2
1689369438.6,0, 2, 2
1689369438.7,0, 1, 1
1689369438.8,0, 1, 1
1689369438.9,0, 1, 1
1689369439.0,0, 1, 1
1689369439.1,0, 1, 1
1689369439.2,0, 1, 1
1689369439.3,0, 1, 1
1689369439.4,0, 1, 1
1689369439.5,0, 1, 1
1689369439.6,0, 0, 0
1689369439.7,0, 0, 0
1689369439.8,1, 0, 1
1689369439.9,1, 0, 1
1689369440.0,1, 0, 1
1689369440.1,1, 0, 1
1689369440.2,1, 0, 1
1689369440.3,1, 0, 1
1689369440.4,1, 0, 1
1689369440.5,1, 0, 1
1689369440.6,1, 0, 1
1689369440.7,1, 0, 1
1689369440.8,1, 0, 1
1689369440.9,1, 0, 1
1689369441.0,1, 0, 1
1689369441.1,1, 0, 1
1689369441.2,1, 0, 1
1689369441.3,1, 0, 1
1689369441.4,1, 0, 1
1689369441.5,1, 0, 1
1689369441.6,1, 0, 1
1689369441.7,1, 0, 1
1689369441.8,1, 0, 1
1689369441.9,1, 1, 2
1689369442.0,1, 1, 2
1689369442.1,1, 1, 2
1689369442.2,1, 1, 2
1689369442.3,1, 1, 2
1689369442.4,1, 1, 2
1689369442.5,1, 1, 2
1689369442.6,1, 1, 2
1689369442.7,1, 1, 2
1689369442.8,1, 1, 2
1689369442.9,1, 1, 2
1689369443.0,1, 1, 2
1689369443.1,1, 1, 2
1689369443.2,1, 1, 2
1689369443.3,1, 1, 2
1689369443.4,1, 0, 1
1689369443.5,1, 0, 1
1689369443.6,1, 0, 1
1689369443.7,1, 0, 1
1689369443.8,1, 0, 1
1689369443.9,1, 0, 1
1689369444.0,1, 0, 1
1689369444.1,1, 0, 1
1689369444.2,1, 0, 1
1689369444.3,1, 0, 1
1689369444.4,1, 0, 1
1689369444.5,1, 0, 1
1689369444.6,1, 0, 1
1689369444.7,1, 0, 1
1689369444.8,1, 0, 1
1689369444.9,1, 0, 1
1689369445.0,1, 0, 1
1689369445.1,1, 0, 1
1689369445.2,1, 0, 1
1689369445.3,1, 0, 1
1689369445.4,1, 0, 1
1689369445.5,1, 0, 1
1689369445.6,1, 0, 1
1689369445.7,1, 0, 1
1689369445.8,0, 0, 0
1689369445.9,0, 0, 0
1689369446.0,0, 0, 0
1689369446.1,0, 0, 0
1689369446.2,0, 0, 0
1689369446.3,0, 0, 0
1689369446.4,0, 0, 0
1689369446.5,0, 0, 0
1689369446.6,0, 0, 0
1689369446.7,0, 0, 0
1689369446.8,0, 0, 0
1689369446.9,0, 0, 0
1689369447.0,0, 0, 0
1689369447.1,0, 0, 0
1689369447.2,0, 0, 0
1689369447.3,0, 0, 0
1689369447.4,0, 0, 0
1689369447.5,0, 0, 0
1689369447.6,0, 0, 0
1689369447.7,0, 0, 0
1689369447.8,0, 0, 0
1689369447.9,0, 0, 0
1689369448.0,0, 0, 0
1689369448.1,0, 0, 0
1689369448.2,0, 0, 0
1689369448.3,0, 1, 1
1689369448.4,0, 1, 1
1689369448.5,0, 1, 1
1689369448.6,0, 1, 1
1689369448.7,0, 1, 1
1689369448.8,0, 1, 1
1689369448.9,0, 1, 1
1689369449.0,0, 1, 1
1689369449.1,0, 1, 1
1689369449.2,0, 1, 1
1689369449.3,0, 1, 1
1689369449.4,0, 1, 1
1689369449.5,0, 1, 1
1689369449.6,0, 0, 0
1689369449.7,0, 0, 0
1689369449.8,0, 0, 0
1689369449.9,0, 0, 0
1689369450.0,0, 1, 1
1689369450.1,0, 1, 1
1689369450.2,0, 0, 0
1689369450.3,0, 0, 0
1689369450.4,0, 0, 0
1689369450.5,0, 0, 0
1689369450.6,0, 0, 0
1689369450.7,0, 0, 0
1689369450.8,0, 0, 0
1689369450.9,0, 0, 0
1689369451.0,0, 0, 0
1689369451.1,0, 0, 0
1689369451.2,0, 0, 0
1689369451.3,0, 0, 0
1689369451.4,0, 0, 0
1689369451.5,0, 0, 0
1689369451.6,0, 0, 0
1689369451.7,0, 0, 0
1689369451.8,0, 0, 0
1689369451.9,0, 0, 0
1689369452.0,0, 0, 0
1689369452.1,0, 0, 0
1689369452.2,0, 0, 0
1689369452.3,0, 0, 0
1689369452.4,0, 0, 0
1689369452.5,0, 0, 0
1689369452.6,0, 0, 0
1689369452.7,0, 0, 0
1689369452.8,0, 0, 0
1689369452.9,0, 0, 0
1689369453.0,0, 1, 1
1689369453.1,0, 1, 1
1689369453.2,0, 1, 1
1689369453.3,0, 1, 1
1689369453.4,0, 1, 1
1689369453.5,0, 1, 1
1689369453.6,0, 1, 1
1689369453.7,0, 1, 1
1689369453.8,0, 1, 1
1689369453.9,0, 1, 1
1689369454.0,0, 1, 1
1689369454.1,0, 1, 1
1689369454.2,0, 1, 1
1689369454.3,1, 1, 2
1689369454.4,0, 1, 1
1689369454.5,0, 1, 1
1689369454.6,0, 1, 1
1689369454.7,0, 0, 0
1689369454.8,0, 0, 0
1689369454.9,0, 0, 0
1689369455.0,0, 0, 0
1689369455.1,0, 0, 0
1689369455.2,0, 0, 0
1689369455.3,0, 0, 0
1689369455.4,0, 0, 0
1689369455.5,0, 0, 0
1689369455.6,0, 0, 0
1689369455.7,0, 0, 0
1689369455.8,0, 0, 0
1689369455.9,0, 0, 0
1689369456.0,0, 0, 0
1689369456.1,0, 0, 0
1689369456.2,0, 0, 0
1689369456.3,0, 0, 0
1689369456.4,0, 0, 0
1689369456.5,0, 0, 0
1689369456.6,0, 0, 0
1689369456.7,0, 0, 0
1689369456.8,0, 0, 0
1689369456.9,0, 0, 0
1689369457.0,0, 0, 0
1689369457.1,0, 0, 0
1689369457.2,0, 0, 0
1689369457.3,0, 0, 0
1689369457.4,0, 0, 0
1689369457.5,0, 0, 0
1689369457.6,0, 0, 0
1689369457.7,0, 0, 0
1689369457.8,0, 0, 0
1689369457.9,0, 0, 0
1689369458.0,0, 1, 1
1689369458.1,0, 1, 1
1689369458.2,0, 1, 1
1689369458.3,0, 1, 1
1689369458.4,0, 1, 1
1689369458.5,0, 1, 1
1689369458.6,0, 0, 0
1689369458.7,0, 0, 0
1689369458.8,0, 0, 0
1689369458.9,0, 0, 0
1689369459.0,0, 0, 0
1689369459.1,0, 0, 0
1689369459.2,0, 0, 0
1689369459.3,0, 0, 0
1689369459.4,0, 0, 0
1689369459.5,0, 0, 0
1689369459.6,0, 0, 0
1689369459.7,0, 0, 0
1689369459.8,0, 0, 0
1689369459.9,0, 0, 0
1689369460.0,0, 0, 0
1689369460.1,0, 0, 0
1689369460.2,0, 0, 0
1689369460.3,1, 0, 1
1689369460.4,1, 0, 1
1689369460.5,1, 0, 1
1689369460.6,1, 0, 1
1689369460.7,1, 0, 1
1689369460.8,1, 0, 1
1689369460.9,1, 0, 1
1689369461.0,1, 0, 1
1689369461.1,1, 0, 1
1689369461.2,1, 0, 1
1689369461.3,1, 0, 1
1689369461.4,1, 0, 1
1689369461.5,1, 0, 1
1689369461.6,1, 0, 1
1689369461.7,1, 0, 1
1689369461.8,1, 0, 1
1689369461.9,1, 0, 1
1689369462.0,1, 0, 1
1689369462.1,1, 0, 1
1689369462.2,1, 0, 1
1689369462.3,1, 0, 1
1689369462.4,1, 0, 1
1689369462.5,1, 0, 1
1689369462.6,1, 0, 1
1689369462.7,1, 0, 1
1689369462.8,1, 0, 1
1689369462.9,1, 0, 1
1689369463.0,1, 0, 1
1689369463.1,1, 0, 1
1689369463.2,1, 0, 1
1689369463.3,1, 0, 1
1689369463.4,1, 0, 1
1689369463.5,1, 0, 1
1689369463.6,1, 0, 1
1689369463.7,1, 0, 1
1689369463.8,1, 0, 1
1689369463.9,1, 0, 1
1689369464.0,1, 0, 1
1689369464.1,1, 0, 1
1689369464.2,0, 0, 0
1689369464.3,0, 0, 0
1689369464.4,0, 0, 0
1689369464.5,0, 0, 0
1689369464.6,0, 0, 0
1689369464.7,0, 0, 0
1689369464.8,0, 0, 0
1689369464.9,0, 1, 1
1689369465.0,0, 1, 1
1689369465.1,0, 1, 1
1689369465.2,0, 1, 1
1689369465.3,0, 1, 1
1689369465.4,0, 1, 1
1689369465.5,0, 1, 1
1689369465.6,0, 1, 1
1689369465.7,0, 1, 1
1689369465.8,0, 1, 1
1689369465.9,0, 1, 1
1689369466.0,0, 1, 1
1689369466.1,0, 1, 1
1689369466.2,0, 1, 1
1689369466.3,0, 1, 1
1689369466.4,0, 1, 1
1689369466.5,0, 1, 1
1689369466.6,0, 1, 1
1689369466.7,0, 1, 1
1689369466.8,0, 1, 1
1689369466.9,0, 1, 1
1689369467.0,0, 1, 1
1689369467.1,0, 1, 1
1689369467.2,0, 0, 0
1689369467.3,0, 0, 0
1689369467.4,0, 0, 0
1689369467.5,0, 0, 0
1689369467.6,0, 0, 0
1689369467.7,0, 0, 0
1689369467.8,0, 0, 0
1689369467.9,0, 0, 0
1689369468.0,0, 0, 0
1689369468.1,0, 0, 0
1689369468.2,0, 0, 0
1689369468.3,0, 0, 0
1689369468.4,1, 0, 1
1689369468.5,1, 0, 1
1689369468.6,0, 0, 0
1689369468.7,1, 0, 1
1689369468.8,1, 0, 1
1689369468.9,1, 0, 1
1689369469.0,1, 0, 1
1689369469.1,1, 0, 1
1689369469.2,1, 0, 1
1689369469.3,1, 0, 1
1689369469.4,1, 0, 1
1689369469.5,1, 0, 1
1689369469.6,1, 0, 1
1689369469.7,1, 0, 1
1689369469.8,1, 0, 1
1689369469.9,1, 0, 1
1689369470.0,1, 0, 1
1689369470.1,0, 0, 0
1689369470.2,0, 0, 0
1689369470.3,1, 0, 1
1689369470.4,2, 0, 2
1689369470.5,2, 0, 2
1689369470.6,2, 0, 2
1689369470.7,3, 0, 3
1689369470.8,1, 0, 1
1689369470.9,1, 0, 1
1689369471.0,1, 0, 1
1689369471.1,1, 0, 1
1689369471.2,1, 0, 1
1689369471.3,1, 0, 1
1689369471.4,1, 0, 1
1689369471.5,1, 0, 1
1689369471.6,1, 0, 1
1689369471.7,1, 0, 1
1689369471.8,1, 0, 1
1689369471.9,1, 0, 1
1689369472.0,1, 0, 1
1689369472.1,1, 0, 1
1689369472.2,1, 0, 1
1689369472.3,1, 0, 1
1689369472.4,1, 0, 1
1689369472.5,1, 0, 1
1689369472.6,1, 0, 1
1689369472.7,1, 0, 1
1689369472.8,1, 0, 1
1689369472.9,1, 0, 1
1689369473.0,1, 0, 1
1689369473.1,1, 0, 1
1689369473.2,1, 0, 1
1689369473.3,1, 0, 1
1689369473.4,1, 0, 1
1689369473.5,1, 0, 1
1689369473.6,1, 1, 2
1689369473.7,1, 1, 2
1689369473.8,1, 1, 2
1689369473.9,1, 1, 2
1689369474.0,2, 1, 3
1689369474.1,1, 1, 2
1689369474.2,1, 1, 2
1689369474.3,0, 1, 1
1689369474.4,0, 1, 1
1689369474.5,0, 1, 1
1689369474.6,0, 1, 1
1689369474.7,0, 1, 1
1689369474.8,0, 1, 1
1689369474.9,0, 1, 1
1689369475.0,0, 0, 0
1689369475.1,0, 1, 1
1689369475.2,0, 1, 1
1689369475.3,0, 1, 1
1689369475.4,0, 0, 0
1689369475.5,0, 0, 0
1689369475.6,0, 0, 0
1689369475.7,0, 0, 0
1689369475.8,0, 0, 0
1689369475.9,0, 0, 0
1689369476.0,0, 0, 0
1689369476.1,0, 0, 0
1689369476.2,0, 0, 0
1689369476.3,0, 0, 0
1689369476.4,0, 0, 0
1689369476.5,0, 1, 1
1689369476.6,0, 1, 1
1689369476.7,0, 1, 1
1689369476.8,0, 1, 1
1689369476.9,0, 1, 1
1689369477.0,0, 1, 1
1689369477.1,0, 1, 1
1689369477.2,0, 1, 1
1689369477.3,0, 1, 1
1689369477.4,0, 1, 1
1689369477.5,0, 1, 1
1689369477.6,0, 1, 1
1689369477.7,0, 0, 0
1689369477.8,0, 0, 0
1689369477.9,0, 0, 0
1689369478.0,0, 0, 0
1689369478.1,0, 0, 0
1689369478.2,0, 0, 0
1689369478.3,0, 0, 0
1689369478.4,0, 0, 0
1689369478.5,0, 0, 0
1689369478.6,0, 0, 0
1689369478.7,0, 0, 0
1689369478.8,0, 0, 0
1689369478.9,0, 0, 0
1689369479.0,0, 0, 0
1689369479.1,0, 0, 0
1689369479.2,0, 0, 0
1689369479.3,0, 0, 0
1689369479.4,1, 0, 1
1689369479.5,1, 0, 1
1689369479.6,1, 0, 1
1689369479.7,1, 0, 1
1689369479.8,1, 0, 1
1689369479.9,1, 0, 1
1689369480.0,1, 0, 1
1689369480.1,1, 0, 1
1689369480.2,1, 0, 1
1689369480.3,1, 0, 1
1689369480.4,1, 0, 1
1689369480.5,1, 0, 1
1689369480.6,1, 0, 1
1689369480.7,1, 0, 1
1689369480.8,1, 0, 1
1689369480.9,1, 0, 1
1689369481.0,1, 0, 1
1689369481.1,1, 0, 1
1689369481.2,1, 0, 1
1689369481.3,1, 0, 1
1689369481.4,1, 0, 1
1689369481.5,1, 0, 1
1689369481.6,0, 0, 0
1689369481.7,0, 0, 0
1689369481.8,0, 0, 0
1689369481.9,0, 0, 0
1689369482.0,0, 0, 0
1689369482.1,0, 0, 0
1689369482.2,0, 0, 0
1689369482.3,0, 0, 0
1689369482.4,0, 0, 0
1689369482.5,0, 0, 0
1689369482.6,0, 0, 0
1689369482.7,0, 0, 0
1689369482.8,0, 0, 0
1689369482.9,0, 0, 0
1689369483.0,0, 0, 0
1689369483.1,0, 0, 0
1689369483.2,0, 0, 0
1689369483.3,0, 0, 0
1689369483.4,0, 0, 0
1689369483.5,0, 0, 0
1689369483.6,0, 0, 0
1689369483.7,0, 0, 0
1689369483.8,0, 0, 0
1689369483.9,0, 0, 0
1689369484.0,0, 0, 0
1689369484.1,0, 0, 0
1689369484.2,0, 0, 0
1689369484.3,0, 0, 0
1689369484.4,0, 0, 0
1689369484.5,0, 0, 0
1689369484.6,0, 0, 0
1689369484.7,0, 0, 0
1689369484.8,0, 0, 0
1689369484.9,0, 0, 0
1689369485.0,0, 0, 0
1689369485.1,0, 0, 0
1689369485.2,0, 0, 0
1689369485.3,0, 0, 0
1689369485.4,0, 0, 0
1689369485.5,0, 0, 0
1689369485.6,0, 0, 0
1689369485.7,0, 0, 0
1689369485.8,1, 0, 1
1689369485.9,1, 0, 1
1689369486.0,1, 0, 1
1689369486.1,1, 0, 1
1689369486.2,1, 0, 1
1689369486.3,1, 0, 1
1689369486.4,1, 0, 1
1689369486.5,1, 0, 1
1689369486.6,1, 0, 1
1689369486.7,1, 0, 1
1689369486.8,1, 0, 1
1689369486.9,1, 0, 1
1689369487.0,1, 0, 1
1689369487.1,1, 0, 1
1689369487.2,1, 0, 1
1689369487.3,1, 0, 1
1689369487.4,1, 0, 1
1689369487.5,1, 0, 1
1689369487.6,1, 0, 1
1689369487.7,1, 0, 1
1689369487.8,1, 0, 1
1689369487.9,1, 0, 1
1689369488.0,1, 0, 1
1689369488.1,1, 0, 1
1689369488.2,1, 0, 1
1689369488.3,1, 0, 1
1689369488.4,1, 0, 1
1689369488.5,1, 0, 1
1689369488.6,1, 0, 1
1689369488.7,1, 0, 1
1689369488.8,1, 0, 1
1689369488.9,1, 0, 1
1689369489.0,1, 0, 1
1689369489.1,1, 0, 1
1689369489.2,1, 1, 2
1689369489.3,1, 1, 2
1689369489.4,1, 1, 2
1689369489.5,1, 1, 2
1689369489.6,1, 1, 2
1689369489.7,1, 1, 2
1689369489.8,1, 1, 2
1689369489.9,1, 1, 2
1689369490.0,1, 1, 2
1689369490.1,1, 1, 2
1689369490.2,1, 1, 2
1689369490.3,1, 1, 2
1689369490.4,1, 1, 2
1689369490.5,1, 1, 2
1689369490.6,1, 1, 2
1689369490.7,1, 1, 2
1689369490.8,1, 1, 2
1689369490.9,1, 1, 2
1689369491.0,1, 1, 2
1689369491.1,1, 1, 2
1689369491.2,1, 1, 2
1689369491.3,1, 1, 2
1689369491.4,1, 1, 2
1689369491.5,1, 0, 1
1689369491.6,1, 0, 1
1689369491.7,1, 0, 1
1689369491.8,1, 1, 2
1689369491.9,1, 1, 2
1689369492.0,1, 1, 2
1689369492.1,1, 1, 2
1689369492.2,1, 0, 1
1689369492.3,1, 0, 1
1689369492.4,1, 0, 1
1689369492.5,1, 0, 1
1689369492.6,1, 0, 1
1689369492.7,1, 0, 1
1689369492.8,1, 0, 1
1689369492.9,1, 0, 1
1689369493.0,1, 0, 1
1689369493.1,1, 0, 1
1689369493.2,1, 0, 1
1689369493.3,1, 0, 1
1689369493.4,1, 0, 1
1689369493.5,1, 0, 1
1689369493.6,1, 0, 1
1689369493.7,1, 0, 1
1689369493.8,1, 0, 1
1689369493.9,1, 0, 1
1689369494.0,1, 0, 1
1689369494.1,1, 0, 1
1689369494.2,1, 0, 1
1689369494.3,1, 0, 1
1689369494.4,0, 0, 0
1689369494.5,0, 0, 0
1689369494.6,0, 0, 0
1689369494.7,0, 0, 0
1689369494.8,0, 0, 0
1689369494.9,0, 0, 0
1689369495.0,0, 0, 0
1689369495.1,0, 0, 0
1689369495.2,0, 0, 0
1689369495.3,0, 0, 0
1689369495.4,0, 0, 0
1689369495.5,0, 0, 0
1689369495.6,0, 0, 0
1689369495.7,0, 0, 0
1689369495.8,0, 0, 0
1689369495.9,0, 0, 0
1689369496.0,0, 0, 0
1689369496.1,0, 0, 0
1689369496.2,0, 0, 0
1689369496.3,0, 0, 0
1689369496.4,0, 0, 0
1689369496.5,0, 0, 0
1689369496.6,0, 0, 0
1689369496.7,0, 0, 0
1689369496.8,0, 0, 0
1689369496.9,0, 0, 0
1689369497.0,0, 0, 0
1689369497.1,0, 0, 0
1689369497.2,0, 0, 0
1689369497.3,0, 0, 0
1689369497.4,0, 0, 0
1689369497.5,0, 0, 0
1689369497.6,0, 0, 0
1689369497.7,0, 0, 0
1689369497.8,0, 0, 0
1689369497.9,0, 0, 0
1689369498.0,0, 0, 0
1689369498.1,0, 0, 0
1689369498.2,0, 0, 0
1689369498.3,0, 0, 0
1689369498.4,1, 0, 1
1689369498.5,0, 0, 0
1689369498.6,0, 0, 0
1689369498.7,0, 0, 0
1689369498.8,0, 0, 0
1689369498.9,0, 0, 0
1689369499.0,0, 0, 0
1689369499.1,0, 0, 0
1689369499.2,0, 0, 0
1689369499.3,0, 0, 0
1689369499.4,0, 0, 0
1689369499.5,0, 0, 0
1689369499.6,0, 0, 0
1689369499.7,0, 0, 0
1689369499.8,0, 0, 0
1689369499.9,0, 0, 0
1689369500.0,0, 0, 0
1689369500.1,0, 0, 0
1689369500.2,0, 0, 0
1689369500.3,0, 0, 0
1689369500.4,0, 0, 0
1689369500.5,0, 0, 0
1689369500.6,0, 0, 0
1689369500.7,0, 0, 0
1689369500.8,0, 0, 0
1689369500.9,0, 0, 0
1689369501.0,0, 0, 0
1689369501.1,1, 0, 1
1689369501.2,1, 0, 1
1689369501.3,1, 0, 1
1689369501.4,1, 0, 1
1689369501.5,1, 0, 1
1689369501.6,1, 0, 1
1689369501.7,1, 0, 1
1689369501.8,1, 0, 1
1689369501.9,1, 0, 1
1689369502.0,1, 0, 1
1689369502.1,1, 0, 1
1689369502.2,1, 0, 1
1689369502.3,1, 0, 1
1689369502.4,1, 0, 1
1689369502.5,1, 0, 1
1689369502.6,1, 0, 1
1689369502.7,1, 0, 1
1689369502.8,1, 0, 1
1689369502.9,1, 0, 1
1689369503.0,1, 0, 1
1689369503.1,1, 0, 1
1689369503.2,1, 0, 1
1689369503.3,1, 0, 1
1689369503.4,1, 0, 1
1689369503.5,1, 0, 1
1689369503.6,1, 0, 1
1689369503.7,1, 0, 1
1689369503.8,1, 0, 1
1689369503.9,1, 0, 1
1689369504.0,1, 0, 1
1689369504.1,1, 0, 1
1689369504.2,1, 0, 1
1689369504.3,1, 0, 1
1689369504.4,0, 0, 0
1689369504.5,1, 0, 1
1689369504.6,1, 0, 1
1689369504.7,1, 0, 1
1689369504.8,1, 0, 1
1689369504.9,1, 0, 1
1689369505.0,1, 0, 1
1689369505.1,1, 0, 1
1689369505.2,1, 0, 1
1689369505.3,1, 0, 1
1689369505.4,1, 0, 1
1689369505.5,1, 0, 1
1689369505.6,1, 0, 1
1689369505.7,1, 0, 1
1689369505.8,1, 0, 1
1689369505.9,1, 0, 1
1689369506.0,1, 0, 1
1689369506.1,1, 0, 1
1689369506.2,1, 0, 1
1689369506.3,1, 0, 1
1689369506.4,1, 0, 1
1689369506.5,1, 0, 1
1689369506.6,1, 0, 1
1689369506.7,1, 0, 1
1689369506.8,1, 0, 1
1689369506.9,1, 0, 1
1689369507.0,1, 0, 1
1689369507.1,1, 0, 1
1689369507.2,1, 0, 1
1689369507.3,1, 0, 1
1689369507.4,1, 0, 1
1689369507.5,1, 0, 1
1689369507.6,1, 0, 1
1689369507.7,1, 0, 1
1689369507.8,1, 0, 1
1689369507.9,1, 0, 1
1689369508.0,1, 0, 1
1689369508.1,1, 0, 1
1689369508.2,1, 0, 1
1689369508.3,1, 0, 1
1689369508.4,1, 0, 1
1689369508.5,1, 0, 1
1689369508.6,1, 0, 1
1689369508.7,1, 0, 1
1689369508.8,1, 0, 1
1689369508.9,1, 0, 1
1689369509.0,1, 0, 1
1689369509.1,1, 0, 1
1689369509.2,1, 0, 1
1689369509.3,1, 0, 1
1689369509.4,1, 0, 1
1689369509.5,1, 0, 1
1689369509.6,1, 0, 1
1689369509.7,1, 0, 1
1689369509.8,1, 0, 1
1689369509.9,1, 0, 1
1689369510.0,1, 0, 1
1689369510.1,1, 0, 1
1689369510.2,1, 0, 1
1689369510.3,1, 0, 1
1689369510.4,1, 0, 1
1689369510.5,1, 0, 1
1689369510.6,1, 0, 1
1689369510.7,1, 0, 1
1689369510.8,1, 0, 1
1689369510.9,1, 0, 1
1689369511.0,1, 0, 1
1689369511.1,1, 0, 1
1689369511.2,1, 0, 1
1689369511.3,1, 0, 1
1689369511.4,1, 0, 1
1689369511.5,1, 0, 1
1689369511.6,1, 0, 1
1689369511.7,1, 0, 1
1689369511.8,1, 0, 1
1689369511.9,1, 0, 1
1689369512.0,1, 0, 1
1689369512.1,1, 0, 1
1689369512.2,1, 0, 1
1689369512.3,1, 0, 1
1689369512.4,1, 0, 1
1689369512.5,1, 0, 1
1689369512.6,1, 0, 1
1689369512.7,1, 0, 1
1689369512.8,1, 0, 1
1689369512.9,1, 0, 1
1689369513.0,1, 0, 1
1689369513.1,1, 0, 1
1689369513.2,1, 0, 1
1689369513.3,1, 0, 1
1689369513.4,1, 0, 1
1689369513.5,1, 0, 1
1689369513.6,1, 0, 1
1689369513.7,1, 0, 1
1689369513.8,1, 0, 1
1689369513.9,1, 0, 1
1689369514.0,1, 0, 1
1689369514.1,1, 0, 1
1689369514.2,1, 0, 1
1689369514.3,1, 0, 1
1689369514.4,1, 0, 1
1689369514.5,1, 0, 1
1689369514.6,1, 0, 1
1689369514.7,1, 0, 1
1689369514.8,1, 0, 1
1689369514.9,1, 0, 1
1689369515.0,1, 0, 1
1689369515.1,1, 0, 1
1689369515.2,1, 0, 1
1689369515.3,1, 0, 1
1689369515.4,1, 0, 1
1689369515.5,1, 0, 1
1689369515.6,1, 0, 1
1689369515.7,1, 0, 1
1689369515.8,1, 0, 1
1689369515.9,1, 0, 1
1689369516.0,1, 0, 1
1689369516.1,1, 0, 1
1689369516.2,1, 0, 1
1689369516.3,2, 0, 2
1689369516.4,2, 0, 2
1689369516.5,3, 0, 3
1689369516.6,3, 0, 3
1689369516.7,4, 0, 4
1689369516.8,4, 0, 4
1689369516.9,3, 0, 3
1689369517.0,3, 0, 3
1689369517.1,2, 0, 2
1689369517.2,2, 0, 2
1689369517.3,1, 0, 1
1689369517.4,1, 0, 1
1689369517.5,1, 0, 1
1689369517.6,1, 0, 1
1689369517.7,1, 0, 1
1689369517.8,1, 0, 1
1689369517.9,1, 0, 1
1689369518.0,1, 0, 1
1689369518.1,1, 0, 1
1689369518.2,1, 0, 1
1689369518.3,1, 0, 1
1689369518.4,1, 0, 1
1689369518.5,1, 0, 1
1689369518.6,1, 0, 1
1689369518.7,1, 0, 1
1689369518.8,1, 0, 1
1689369518.9,1, 0, 1
1689369519.0,1, 0, 1
1689369519.1,1, 1, 2
1689369519.2,1, 1, 2
1689369519.3,1, 1, 2
1689369519.4,0, 1, 1
1689369519.5,0, 1, 1
1689369519.6,0, 1, 1
1689369519.7,0, 1, 1
1689369519.8,0, 1, 1
1689369519.9,0, 1, 1
1689369520.0,0, 1, 1
1689369520.1,0, 1, 1
1689369520.2,0, 1, 1
1689369520.3,0, 1, 1
1689369520.4,0, 1, 1
1689369520.5,0, 1, 1
1689369520.6,0, 1, 1
1689369520.7,0, 1, 1
1689369520.8,0, 1, 1
1689369520.9,0, 1, 1
1689369521.0,0, 1, 1
1689369521.1,0, 1, 1
1689369521.2,0, 1, 1
1689369521.3,0, 1, 1
1689369521.4,0, 1, 1
1689369521.5,0, 1, 1
1689369521.6,0, 1, 1
1689369521.7,0, 1, 1
1689369521.8,0, 1, 1
1689369521.9,0, 1, 1
1689369522.0,0, 1, 1
1689369522.1,0, 1, 1
1689369522.2,0, 1, 1
1689369522.3,0, 1, 1
1689369522.4,0, 1, 1
1689369522.5,0, 1, 1
1689369522.6,0, 1, 1
1689369522.7,1, 1, 2
1689369522.8,1, 1, 2
1689369522.9,1, 1, 2
1689369523.0,0, 1, 1
1689369523.1,1, 1, 2
1689369523.2,0, 1, 1
1689369523.3,1, 1, 2
1689369523.4,1, 1, 2
1689369523.5,1, 1, 2
1689369523.6,1, 1, 2
1689369523.7,1, 1, 2
1689369523.8,1, 1, 2
1689369523.9,1, 1, 2
1689369524.0,1, 1, 2
1689369524.1,1, 1, 2
1689369524.2,0, 1, 1
1689369524.3,0, 1, 1
1689369524.4,1, 1, 2
1689369524.5,1, 1, 2
1689369524.6,1, 1, 2
1689369524.7,0, 1, 1
1689369524.8,0, 1, 1
1689369524.9,0, 1, 1
1689369525.0,0, 1, 1
1689369525.1,0, 1, 1
1689369525.2,1, 1, 2
1689369525.3,0, 1, 1
1689369525.4,0, 0, 0
1689369525.5,0, 0, 0
1689369525.6,0, 0, 0
1689369525.7,0, 0, 0
1689369525.8,0, 0, 0
1689369525.9,0, 0, 0
1689369526.0,0, 0, 0
1689369526.1,0, 0, 0
1689369526.2,0, 0, 0
1689369526.3,0, 0, 0
1689369526.4,1, 0, 1
1689369526.5,0, 0, 0
1689369526.6,1, 0, 1
1689369526.7,1, 0, 1
1689369526.8,1, 0, 1
1689369526.9,1, 0, 1
1689369527.0,1, 0, 1
1689369527.1,1, 1, 2
1689369527.2,1, 0, 1
1689369527.3,1, 1, 2
1689369527.4,1, 1, 2
1689369527.5,1, 1, 2
1689369527.6,1, 1, 2
1689369527.7,1, 1, 2
1689369527.8,1, 1, 2
1689369527.9,1, 1, 2
1689369528.0,1, 1, 2
1689369528.1,1, 1, 2
1689369528.2,1, 1, 2
1689369528.3,1, 1, 2
1689369528.4,1, 1, 2
1689369528.5,1, 1, 2
1689369528.6,1, 1, 2
1689369528.7,1, 1, 2
1689369528.8,1, 1, 2
1689369528.9,1, 1, 2
1689369529.0,1, 1, 2
1689369529.1,1, 1, 2
1689369529.2,1, 1, 2
1689369529.3,1, 1, 2
1689369529.4,1, 1, 2
1689369529.5,1, 1, 2
1689369529.6,1, 1, 2
1689369529.7,1, 1, 2
1689369529.8,1, 1, 2
1689369529.9,1, 1, 2
1689369530.0,1, 1, 2
1689369530.1,1, 1, 2
1689369530.2,1, 1, 2
1689369530.3,1, 1, 2
1689369530.4,1, 1, 2
1689369530.5,1, 1, 2
1689369530.6,0, 1, 1
1689369530.7,1, 1, 2
1689369530.8,0, 1, 1
1689369530.9,1, 1, 2
1689369531.0,1, 1, 2
1689369531.1,1, 1, 2
1689369531.2,1, 1, 2
1689369531.3,1, 1, 2
1689369531.4,1, 1, 2
1689369531.5,1, 1, 2
1689369531.6,1, 1, 2
1689369531.7,1, 1, 2
1689369531.8,1, 1, 2
1689369531.9,0, 2, 2
1689369532.0,0, 2, 2
1689369532.1,0, 2, 2
1689369532.2,0, 2, 2
1689369532.3,0, 1, 1
1689369532.4,0, 1, 1
1689369532.5,0, 1, 1
1689369532.6,0, 1, 1
1689369532.7,1, 1, 2
1689369532.8,1, 1, 2
1689369532.9,0, 1, 1
1689369533.0,0, 1, 1
1689369533.1,1, 1, 2
1689369533.2,1, 1, 2
1689369533.3,1, 1, 2
1689369533.4,0, 1, 1
1689369533.5,0, 1, 1
1689369533.6,1, 1, 2
1689369533.7,1, 1, 2
1689369533.8,2, 1, 3
1689369533.9,1, 1, 2
1689369534.0,2, 1, 3
1689369534.1,2, 1, 3
1689369534.2,2, 1, 3
1689369534.3,1, 1, 2
1689369534.4,1, 1, 2
1689369534.5,1, 1, 2
1689369534.6,1, 1, 2
1689369534.7,1, 1, 2
1689369534.8,1, 1, 2
1689369534.9,1, 1, 2
1689369535.0,1, 1, 2
1689369535.1,1, 1, 2
1689369535.2,1, 1, 2
1689369535.3,1, 1, 2
1689369535.4,1, 1, 2
1689369535.5,1, 1, 2
1689369535.6,1, 1, 2
1689369535.7,1, 1, 2
1689369535.8,1, 1, 2
1689369535.9,1, 1, 2
1689369536.0,1, 1, 2
1689369536.1,1, 1, 2
1689369536.2,1, 0, 1
1689369536.3,1, 0, 1
1689369536.4,1, 0, 1
1689369536.5,1, 0, 1
1689369536.6,1, 0, 1
1689369536.7,1, 0, 1
1689369536.8,0, 0, 0
1689369536.9,0, 0, 0
1689369537.0,0, 0, 0
1689369537.1,0, 0, 0
1689369537.2,0, 0, 0
1689369537.3,0, 0, 0
1689369537.4,0, 0, 0
1689369537.5,0, 0, 0
1689369537.6,0, 0, 0
1689369537.7,0, 0, 0
1689369537.8,0, 0, 0
1689369537.9,0, 0, 0
1689369538.0,0, 0, 0
1689369538.1,0, 0, 0
1689369538.2,0, 0, 0
1689369538.3,0, 0, 0
1689369538.4,0, 1, 1
1689369538.5,0, 1, 1
1689369538.6,0, 0, 0
1689369538.7,0, 0, 0
1689369538.8,0, 0, 0
1689369538.9,0, 0, 0
1689369539.0,0, 0, 0
1689369539.1,0, 0, 0
1689369539.2,0, 0, 0
1689369539.3,0, 0, 0
1689369539.4,0, 0, 0
1689369539.5,0, 0, 0
1689369539.6,0, 0, 0
1689369539.7,0, 0, 0
1689369539.8,0, 1, 1
1689369539.9,0, 1, 1
1689369540.0,0, 1, 1
1689369540.1,0, 1, 1
1689369540.2,0, 1, 1
1689369540.3,0, 1, 1
1689369540.4,0, 1, 1
1689369540.5,0, 1, 1
1689369540.6,0, 1, 1
1689369540.7,0, 1, 1
1689369540.8,0, 1, 1
1689369540.9,0, 1, 1
1689369541.0,0, 1, 1
1689369541.1,0, 1, 1
1689369541.2,0, 1, 1
1689369541.3,0, 1, 1
1689369541.4,0, 1, 1
1689369541.5,0, 1, 1
1689369541.6,0, 1, 1
1689369541.7,0, 1, 1
1689369541.8,0, 1, 1
1689369541.9,0, 1, 1
1689369542.0,0, 1, 1
1689369542.1,0, 1, 1
1689369542.2,0, 1, 1
1689369542.3,1, 1, 2
1689369542.4,0, 1, 1
1689369542.5,0, 1, 1
1689369542.6,0, 0, 0
1689369542.7,1, 0, 1
1689369542.8,1, 0, 1
1689369542.9,1, 0, 1
1689369543.0,1, 0, 1
1689369543.1,1, 0, 1
1689369543.2,1, 0, 1
1689369543.3,1, 0, 1
1689369543.4,1, 0, 1
1689369543.5,1, 0, 1
1689369543.6,1, 0, 1
1689369543.7,1, 0, 1
1689369543.8,1, 0, 1
1689369543.9,1, 0, 1
1689369544.0,1, 0, 1
1689369544.1,1, 0, 1
1689369544.2,1, 0, 1
1689369544.3,1, 0, 1
1689369544.4,1, 0, 1
1689369544.5,1, 0, 1
1689369544.6,1, 0, 1
1689369544.7,1, 0, 1
1689369544.8,1, 0, 1
1689369544.9,1, 0, 1
1689369545.0,1, 0, 1
1689369545.1,1, 0, 1
1689369545.2,1, 0, 1
1689369545.3,1, 0, 1
1689369545.4,1, 0, 1
1689369545.5,1, 0, 1
1689369545.6,1, 0, 1
1689369545.7,1, 0, 1
1689369545.8,1, 0, 1
1689369545.9,1, 0, 1
1689369546.0,1, 0, 1
1689369546.1,1, 0, 1
1689369546.2,1, 0, 1
1689369546.3,1, 0, 1
1689369546.4,1, 0, 1
1689369546.5,1, 0, 1
1689369546.6,1, 0, 1
1689369546.7,1, 0, 1
1689369546.8,1, 0, 1
1689369546.9,1, 0, 1
1689369547.0,1, 0, 1
1689369547.1,1, 0, 1
1689369547.2,1, 0, 1
1689369547.3,1, 0, 1
1689369547.4,1, 0, 1
1689369547.5,1, 0, 1
1689369547.6,1, 0, 1
1689369547.7,1, 0, 1
1689369547.8,1, 0, 1
1689369547.9,1, 0, 1
1689369548.0,1, 0, 1
1689369548.1,1, 0, 1
1689369548.2,1, 0, 1
1689369548.3,1, 0, 1
1689369548.4,1, 0, 1
1689369548.5,1, 0, 1
1689369548.6,1, 0, 1
1689369548.7,1, 0, 1
1689369548.8,1, 0, 1
1689369548.9,1, 0, 1
1689369549.0,1, 0, 1
1689369549.1,1, 0, 1
1689369549.2,1, 0, 1
1689369549.3,1, 0, 1
1689369549.4,1, 0, 1
1689369549.5,1, 0, 1
1689369549.6,1, 0, 1
1689369549.7,1, 0, 1
1689369549.8,1, 0, 1
1689369549.9,1, 0, 1
1689369550.0,1, 0, 1
1689369550.1,1, 0, 1
1689369550.2,1, 0, 1
1689369550.3,1, 0, 1
1689369550.4,1, 0, 1
1689369550.5,1, 0, 1
1689369550.6,1, 1, 2
1689369550.7,1, 0, 1
1689369550.8,1, 0, 1
1689369550.9,1, 0, 1
1689369551.0,1, 1, 2
1689369551.1,1, 0, 1
1689369551.2,1, 0, 1
1689369551.3,1, 1, 2
1689369551.4,1, 0, 1
1689369551.5,1, 1, 2
1689369551.6,1, 0, 1
1689369551.7,1, 0, 1
1689369551.8,1, 0, 1
1689369551.9,1, 0, 1
1689369552.0,1, 0, 1
1689369552.1,1, 0, 1
1689369552.2,1, 0, 1
1689369552.3,1, 0, 1
1689369552.4,1, 0, 1
1689369552.5,1, 0, 1
1689369552.6,1, 0, 1
1689369552.7,1, 0, 1
1689369552.8,1, 0, 1
1689369552.9,1, 0, 1
1689369553.0,1, 0, 1
1689369553.1,1, 0, 1
1689369553.2,1, 0, 1
1689369553.3,1, 0, 1
1689369553.4,1, 0, 1
1689369553.5,1, 0, 1
1689369553.6,0, 0, 0
1689369553.7,1, 0, 1
1689369553.8,1, 1, 2
1689369553.9,1, 1, 2
1689369554.0,1, 1, 2
1689369554.1,1, 1, 2
1689369554.2,1, 1, 2
1689369554.3,1, 1, 2
1689369554.4,1, 1, 2
1689369554.5,1, 1, 2
1689369554.6,0, 1, 1
1689369554.7,1, 1, 2
1689369554.8,1, 1, 2
1689369554.9,0, 1, 1
1689369555.0,0, 1, 1
1689369555.1,0, 1, 1
1689369555.2,0, 1, 1
1689369555.3,0, 1, 1
1689369555.4,0, 1, 1
1689369555.5,0, 1, 1
1689369555.6,0, 1, 1
1689369555.7,0, 1, 1
1689369555.8,0, 1, 1
1689369555.9,0, 1, 1
1689369556.0,0, 1, 1
1689369556.1,0, 1, 1
1689369556.2,0, 1, 1
1689369556.3,0, 1, 1
1689369556.4,0, 1, 1
1689369556.5,0, 1, 1
1689369556.6,0, 1, 1
1689369556.7,0, 1, 1
1689369556.8,0, 1, 1
1689369556.9,1, 1, 2
1689369557.0,0, 0, 0
1689369557.1,0, 0, 0
1689369557.2,0, 1, 1
1689369557.3,1, 1, 2
1689369557.4,1, 1, 2
1689369557.5,0, 1, 1
1689369557.6,0, 1, 1
1689369557.7,0, 0, 0
1689369557.8,1, 0, 1
1689369557.9,1, 1, 2
1689369558.0,1, 0, 1
1689369558.1,1, 0, 1
1689369558.2,1, 0, 1
1689369558.3,1, 0, 1
1689369558.4,1, 0, 1
1689369558.5,1, 0, 1
1689369558.6,1, 0, 1
1689369558.7,1, 0, 1
1689369558.8,1, 0, 1
1689369558.9,1, 0, 1
1689369559.0,1, 0, 1
1689369559.1,1, 0, 1
1689369559.2,1, 0, 1
1689369559.3,1, 0, 1
1689369559.4,1, 0, 1
1689369559.5,1, 0, 1
1689369559.6,1, 0, 1
1689369559.7,1, 0, 1
1689369559.8,1, 0, 1
1689369559.9,1, 0, 1
1689369560.0,1, 0, 1
1689369560.1,1, 0, 1
1689369560.2,1, 1, 2
1689369560.3,1, 1, 2
1689369560.4,1, 1, 2
1689369560.5,0, 1, 1
1689369560.6,0, 1, 1
1689369560.7,0, 1, 1
1689369560.8,0, 1, 1
1689369560.9,1, 1, 2
1689369561.0,1, 1, 2
1689369561.1,1, 1, 2
1689369561.2,1, 1, 2
1689369561.3,1, 1, 2
1689369561.4,2, 1, 3
1689369561.5,2, 1, 3
1689369561.6,2, 1, 3
1689369561.7,2, 1, 3
1689369561.8,2, 1, 3
1689369561.9,2, 1, 3
1689369562.0,2, 1, 3
1689369562.1,2, 1, 3
1689369562.2,2, 1, 3
1689369562.3,2, 1, 3
1689369562.4,2, 1, 3
1689369562.5,2, 1, 3
1689369562.6,2, 1, 3
1689369562.7,2, 1, 3
1689369562.8,2, 1, 3
1689369562.9,2, 1, 3
1689369563.0,2, 2, 4
1689369563.1,2, 1, 3
1689369563.2,2, 1, 3
1689369563.3,2, 1, 3
1689369563.4,2, 1, 3
1689369563.5,2, 0, 2
1689369563.6,2, 0, 2
1689369563.7,2, 0, 2
1689369563.8,2, 0, 2
1689369563.9,2, 1, 3
1689369564.0,2, 1, 3
1689369564.1,2, 1, 3
1689369564.2,2, 0, 2
1689369564.3,2, 0, 2
1689369564.4,2, 0, 2
1689369564.5,2, 0, 2
1689369564.6,2, 0, 2
1689369564.7,2, 0, 2
1689369564.8,2, 0, 2
1689369564.9,2, 0, 2
1689369565.0,2, 0, 2
1689369565.1,2, 0, 2
1689369565.2,2, 0, 2
1689369565.3,2, 0, 2
1689369565.4,2, 0, 2
1689369565.5,2, 0, 2
1689369565.6,2, 0, 2
1689369565.7,2, 0, 2
1689369565.8,2, 0, 2
1689369565.9,2, 0, 2
1689369566.0,2, 0, 2
1689369566.1,2, 0, 2
1689369566.2,3, 0, 3
1689369566.3,2, 0, 2
1689369566.4,2, 0, 2
1689369566.5,2, 0, 2
1689369566.6,2, 0, 2
1689369566.7,2, 0, 2
1689369566.8,2, 0, 2
1689369566.9,2, 0, 2
1689369567.0,2, 0, 2
1689369567.1,2, 0, 2
1689369567.2,2, 0, 2
1689369567.3,2, 0, 2
1689369567.4,2, 0, 2
1689369567.5,2, 0, 2
1689369567.6,2, 0, 2
1689369567.7,2, 0, 2
1689369567.8,2, 0, 2
1689369567.9,2, 0, 2
1689369568.0,2, 0, 2
1689369568.1,2, 0, 2
1689369568.2,2, 0, 2
1689369568.3,2, 0, 2
1689369568.4,2, 0, 2
1689369568.5,2, 0, 2
1689369568.6,2, 0, 2
1689369568.7,2, 0, 2
1689369568.8,2, 0, 2
1689369568.9,2, 0, 2
1689369569.0,2, 0, 2
1689369569.1,2, 0, 2
1689369569.2,2, 0, 2
1689369569.3,2, 0, 2
1689369569.4,2, 0, 2
1689369569.5,2, 0, 2
1689369569.6,2, 0, 2
1689369569.7,2, 0, 2
1689369569.8,2, 0, 2
1689369569.9,2, 0, 2
1689369570.0,2, 0, 2
1689369570.1,2, 0, 2
1689369570.2,2, 0, 2
1689369570.3,2, 0, 2
1689369570.4,2, 0, 2
1689369570.5,2, 0, 2
1689369570.6,2, 0, 2
1689369570.7,2, 0, 2
1689369570.8,2, 0, 2
1689369570.9,2, 0, 2
1689369571.0,2, 0, 2
1689369571.1,2, 0, 2
1689369571.2,2, 0, 2
1689369571.3,2, 0, 2
1689369571.4,2, 0, 2
1689369571.5,2, 0, 2
1689369571.6,2, 0, 2
1689369571.7,2, 0, 2
1689369571.8,2, 1, 3
1689369571.9,2, 1, 3
1689369572.0,2, 1, 3
1689369572.1,2, 1, 3
1689369572.2,2, 1, 3
1689369572.3,2, 1, 3
1689369572.4,2, 1, 3
1689369572.5,2, 1, 3
1689369572.6,2, 1, 3
1689369572.7,2, 1, 3
1689369572.8,2, 1, 3
1689369572.9,2, 1, 3
1689369573.0,2, 1, 3
1689369573.1,2, 1, 3
1689369573.2,2, 1, 3
1689369573.3,2, 1, 3
1689369573.4,2, 1, 3
1689369573.5,2, 1, 3
1689369573.6,2, 1, 3
1689369573.7,2, 1, 3
1689369573.8,2, 1, 3
1689369573.9,2, 1, 3
1689369574.0,2, 0, 2
1689369574.1,2, 0, 2
1689369574.2,2, 1, 3
1689369574.3,2, 1, 3
1689369574.4,2, 0, 2
1689369574.5,2, 0, 2
1689369574.6,2, 1, 3
1689369574.7,2, 1, 3
1689369574.8,2, 1, 3
1689369574.9,2, 1, 3
1689369575.0,2, 1, 3
1689369575.1,2, 1, 3
1689369575.2,2, 1, 3
1689369575.3,2, 1, 3
1689369575.4,2, 1, 3
1689369575.5,2, 1, 3
1689369575.6,2, 1, 3
1689369575.7,2, 1, 3
1689369575.8,2, 1, 3
1689369575.9,2, 1, 3
1689369576.0,2, 1, 3
1689369576.1,2, 1, 3
1689369576.2,2, 1, 3
1689369576.3,2, 1, 3
1689369576.4,2, 1, 3
1689369576.5,2, 1, 3
1689369576.6,2, 1, 3
1689369576.7,2, 1, 3
1689369576.8,2, 1, 3
1689369576.9,2, 1, 3
1689369577.0,2, 1, 3
1689369577.1,2, 1, 3
1689369577.2,2, 1, 3
1689369577.3,2, 1, 3
1689369577.4,2, 1, 3
1689369577.5,2, 1, 3
1689369577.6,2, 1, 3
1689369577.7,1, 1, 2
1689369577.8,2, 1, 3
1689369577.9,2, 1, 3
1689369578.0,2, 1, 3
1689369578.1,2, 1, 3
1689369578.2,2, 1, 3
1689369578.3,2, 1, 3
1689369578.4,2, 0, 2
1689369578.5,2, 0, 2
1689369578.6,2, 0, 2
1689369578.7,2, 0, 2
1689369578.8,2, 0, 2
1689369578.9,2, 0, 2
1689369579.0,2, 0, 2
1689369579.1,1, 0, 1
1689369579.2,2, 0, 2
1689369579.3,2, 0, 2
1689369579.4,2, 0, 2
1689369579.5,1, 0, 1
1689369579.6,1, 0, 1
1689369579.7,1, 0, 1
1689369579.8,1, 0, 1
1689369579.9,1, 0, 1
1689369580.0,1, 0, 1
1689369580.1,1, 0, 1
1689369580.2,1, 0, 1
1689369580.3,1, 0, 1
1689369580.4,1, 0, 1
1689369580.5,1, 0, 1
1689369580.6,1, 0, 1
1689369580.7,1, 0, 1
1689369580.8,1, 0, 1
1689369580.9,1, 0, 1
1689369581.0,1, 0, 1
1689369581.1,1, 0, 1
1689369581.2,1, 0, 1
1689369581.3,1, 0, 1
1689369581.4,1, 0, 1
1689369581.5,1, 0, 1
1689369581.6,1, 0, 1
1689369581.7,1, 0, 1
1689369581.8,1, 0, 1
1689369581.9,1, 1, 2
1689369582.0,1, 1, 2
1689369582.1,2, 1, 3
1689369582.2,2, 1, 3
1689369582.3,0, 1, 1
1689369582.4,1, 1, 2
1689369582.5,1, 1, 2
1689369582.6,1, 1, 2
1689369582.7,1, 1, 2
1689369582.8,1, 1, 2
1689369582.9,1, 1, 2
1689369583.0,1, 1, 2
1689369583.1,1, 1, 2
1689369583.2,1, 1, 2
1689369583.3,1, 1, 2
1689369583.4,2, 1, 3
1689369583.5,1, 2, 3
1689369583.6,2, 1, 3
1689369583.7,2, 2, 4
1689369583.8,1, 1, 2
1689369583.9,1, 1, 2
1689369584.0,1, 2, 3
1689369584.1,1, 1, 2
1689369584.2,1, 1, 2
1689369584.3,1, 1, 2
1689369584.4,1, 2, 3
1689369584.5,1, 2, 3
1689369584.6,1, 1, 2
1689369584.7,1, 1, 2
1689369584.8,1, 1, 2
1689369584.9,1, 1, 2
1689369585.0,1, 1, 2
1689369585.1,1, 1, 2
1689369585.2,1, 1, 2
1689369585.3,1, 1, 2
1689369585.4,1, 1, 2
1689369585.5,1, 1, 2
1689369585.6,1, 0, 1
1689369585.7,1, 0, 1
1689369585.8,1, 0, 1
1689369585.9,1, 0, 1
1689369586.0,1, 0, 1
1689369586.1,1, 0, 1
1689369586.2,1, 0, 1
1689369586.3,1, 0, 1
1689369586.4,1, 0, 1
1689369586.5,1, 0, 1
1689369586.6,1, 0, 1
1689369586.7,1, 0, 1
1689369586.8,1, 0, 1
1689369586.9,1, 0, 1
1689369587.0,1, 0, 1
1689369587.1,1, 0, 1
1689369587.2,1, 0, 1
1689369587.3,1, 0, 1
1689369587.4,1, 0, 1
1689369587.5,1, 0, 1
1689369587.6,1, 0, 1
1689369587.7,1, 0, 1
1689369587.8,1, 0, 1
1689369587.9,1, 0, 1
1689369588.0,1, 0, 1
1689369588.1,1, 0, 1
1689369588.2,1, 0, 1
1689369588.3,1, 0, 1
1689369588.4,1, 0, 1
1689369588.5,1, 0, 1
1689369588.6,1, 0, 1
1689369588.7,1, 0, 1
1689369588.8,1, 0, 1
1689369588.9,1, 0, 1
1689369589.0,1, 0, 1
1689369589.1,1, 0, 1
1689369589.2,1, 0, 1
1689369589.3,1, 0, 1
1689369589.4,1, 0, 1
1689369589.5,1, 0, 1
1689369589.6,1, 0, 1
1689369589.7,1, 0, 1
1689369589.8,1, 0, 1
1689369589.9,1, 0, 1
1689369590.0,1, 0, 1
1689369590.1,1, 0, 1
1689369590.2,1, 0, 1
1689369590.3,1, 0, 1
1689369590.4,1, 0, 1
1689369590.5,1, 0, 1
1689369590.6,1, 0, 1
1689369590.7,1, 0, 1
1689369590.8,1, 0, 1
1689369590.9,1, 0, 1
1689369591.0,1, 0, 1
1689369591.1,1, 0, 1
1689369591.2,1, 0, 1
1689369591.3,1, 0, 1
1689369591.4,1, 0, 1
1689369591.5,1, 0, 1
1689369591.6,0, 0, 0
1689369591.7,0, 0, 0
1689369591.8,0, 0, 0
1689369591.9,0, 0, 0
1689369592.0,0, 0, 0
1689369592.1,0, 0, 0
1689369592.2,0, 0, 0
1689369592.3,0, 0, 0
1689369592.4,0, 0, 0
1689369592.5,0, 0, 0
1689369592.6,0, 0, 0
1689369592.7,0, 1, 1
1689369592.8,0, 0, 0
1689369592.9,0, 0, 0
1689369593.0,0, 0, 0
1689369593.1,0, 0, 0
1689369593.2,0, 1, 1
1689369593.3,0, 0, 0
1689369593.4,0, 0, 0
1689369593.5,0, 0, 0
1689369593.6,0, 0, 0
1689369593.7,0, 0, 0
1689369593.8,0, 0, 0
1689369593.9,0, 0, 0
1689369594.0,0, 0, 0
1689369594.1,0, 0, 0
1689369594.2,0, 0, 0
1689369594.3,0, 0, 0
1689369594.4,0, 0, 0
1689369594.5,0, 0, 0
1689369594.6,0, 0, 0
1689369594.7,0, 0, 0
1689369594.8,0, 0, 0
1689369594.9,0, 0, 0
1689369595.0,0, 0, 0
1689369595.1,0, 0, 0
1689369595.2,0, 0, 0
1689369595.3,0, 0, 0
1689369595.4,0, 0, 0
1689369595.5,0, 0, 0
1689369595.6,0, 0, 0
1689369595.7,0, 0, 0
1689369595.8,0, 0, 0
1689369595.9,0, 0, 0
1689369596.0,0, 0, 0
1689369596.1,0, 0, 0
1689369596.2,0, 0, 0
1689369596.3,0, 0, 0
1689369596.4,0, 0, 0
1689369596.5,0, 0, 0
1689369596.6,0, 0, 0
1689369596.7,0, 0, 0
1689369596.8,0, 0, 0
1689369596.9,0, 0, 0
1689369597.0,1, 0, 1
1689369597.1,1, 0, 1
1689369597.2,1, 0, 1
1689369597.3,1, 0, 1
1689369597.4,1, 0, 1
1689369597.5,1, 0, 1
1689369597.6,1, 0, 1
1689369597.7,1, 0, 1
1689369597.8,2, 0, 2
1689369597.9,2, 0, 2
1689369598.0,1, 1, 2
1689369598.1,1, 1, 2
1689369598.2,1, 1, 2
1689369598.3,1, 1, 2
1689369598.4,1, 1, 2
1689369598.5,1, 1, 2
1689369598.6,1, 1, 2
1689369598.7,1, 1, 2
1689369598.8,1, 1, 2
1689369598.9,1, 1, 2
1689369599.0,1, 1, 2
1689369599.1,1, 1, 2
1689369599.2,1, 1, 2
1689369599.3,1, 1, 2
1689369599.4,1, 1, 2
1689369599.5,1, 1, 2
1689369599.6,1, 1, 2
1689369599.7,2, 1, 3
1689369599.8,1, 1, 2
1689369599.9,1, 1, 2
1689369600.0,1, 1, 2
1689369600.1,1, 1, 2
1689369600.2,1, 1, 2
1689369600.3,1, 1, 2
1689369600.4,1, 1, 2
1689369600.5,1, 1, 2
1689369600.6,1, 0, 1
1689369600.7,1, 0, 1
1689369600.8,1, 0, 1
1689369600.9,1, 0, 1
1689369601.0,1, 0, 1
1689369601.1,1, 0, 1
1689369601.2,1, 0, 1
1689369601.3,1, 0, 1
1689369601.4,1, 0, 1
1689369601.5,1, 0, 1
1689369601.6,1, 0, 1
1689369601.7,1, 0, 1
1689369601.8,1, 0, 1
1689369601.9,1, 0, 1
1689369602.0,1, 0, 1
1689369602.1,1, 0, 1
1689369602.2,1, 0, 1
1689369602.3,1, 0, 1
1689369602.4,1, 0, 1
1689369602.5,1, 0, 1
1689369602.6,1, 0, 1
1689369602.7,1, 0, 1
1689369602.8,1, 0, 1
1689369602.9,1, 0, 1
1689369603.0,1, 0, 1
1689369603.1,1, 0, 1
1689369603.2,1, 0, 1
1689369603.3,1, 0, 1
1689369603.4,1, 0, 1
1689369603.5,1, 0, 1
1689369603.6,1, 0, 1
1689369603.7,1, 0, 1
1689369603.8,1, 0, 1
1689369603.9,1, 0, 1
1689369604.0,1, 0, 1
1689369604.1,1, 0, 1
1689369604.2,1, 0, 1
1689369604.3,1, 0, 1
1689369604.4,1, 0, 1
1689369604.5,1, 0, 1
1689369604.6,1, 0, 1
1689369604.7,1, 0, 1
1689369604.8,1, 0, 1
1689369604.9,1, 0, 1
1689369605.0,1, 0, 1
1689369605.1,1, 0, 1
1689369605.2,1, 0, 1
1689369605.3,1, 0, 1
1689369605.4,1, 0, 1
1689369605.5,1, 0, 1
1689369605.6,1, 0, 1
1689369605.7,1, 0, 1
1689369605.8,1, 0, 1
1689369605.9,1, 0, 1
1689369606.0,1, 0, 1
1689369606.1,1, 0, 1
1689369606.2,1, 0, 1
1689369606.3,1, 1, 2
1689369606.4,1, 1, 2
1689369606.5,1, 1, 2
1689369606.6,1, 1, 2
1689369606.7,1, 1, 2
1689369606.8,1, 1, 2
1689369606.9,1, 1, 2
1689369607.0,1, 1, 2
1689369607.1,1, 1, 2
1689369607.2,1, 1, 2
1689369607.3,1, 1, 2
1689369607.4,1, 1, 2
1689369607.5,1, 1, 2
1689369607.6,1, 1, 2
1689369607.7,1, 2, 3
1689369607.8,1, 2, 3
1689369607.9,1, 1, 2
1689369608.0,1, 2, 3
1689369608.1,1, 2, 3
1689369608.2,1, 1, 2
1689369608.3,1, 1, 2
1689369608.4,1, 1, 2
1689369608.5,1, 1, 2
1689369608.6,1, 1, 2
1689369608.7,1, 1, 2
1689369608.8,1, 1, 2
1689369608.9,1, 1, 2
1689369609.0,1, 1, 2
1689369609.1,1, 1, 2
1689369609.2,1, 1, 2
1689369609.3,1, 1, 2
1689369609.4,1, 0, 1
1689369609.5,1, 0, 1
1689369609.6,1, 1, 2
1689369609.7,1, 1, 2
1689369609.8,1, 1, 2
1689369609.9,1, 2, 3
1689369610.0,0, 1, 1
1689369610.1,0, 1, 1
1689369610.2,0, 1, 1
1689369610.3,0, 1, 1
1689369610.4,0, 1, 1
1689369610.5,0, 1, 1
1689369610.6,0, 1, 1
1689369610.7,0, 1, 1
1689369610.8,0, 1, 1
1689369610.9,0, 1, 1
1689369611.0,1, 1, 2
1689369611.1,0, 1, 1
1689369611.2,0, 1, 1
1689369611.3,0, 1, 1
1689369611.4,0, 1, 1
1689369611.5,0, 1, 1
1689369611.6,0, 1, 1
1689369611.7,0, 1, 1
1689369611.8,0, 1, 1
1689369611.9,0, 1, 1
1689369612.0,0, 1, 1
1689369612.1,0, 1, 1
1689369612.2,0, 1, 1
1689369612.3,0, 1, 1
1689369612.4,1, 1, 2
1689369612.5,0, 1, 1
1689369612.6,1, 1, 2
1689369612.7,0, 1, 1
1689369612.8,1, 1, 2
1689369612.9,1, 1, 2
1689369613.0,1, 1, 2
1689369613.1,1, 1, 2
1689369613.2,0, 1, 1
1689369613.3,1, 1, 2
1689369613.4,1, 1, 2
1689369613.5,1, 0, 1
1689369613.6,1, 0, 1
1689369613.7,1, 1, 2
1689369613.8,1, 1, 2
1689369613.9,1, 1, 2
1689369614.0,1, 1, 2
1689369614.1,1, 1, 2
1689369614.2,1, 1, 2
1689369614.3,2, 1, 3
1689369614.4,1, 1, 2
1689369614.5,1, 1, 2
1689369614.6,2, 1, 3
1689369614.7,2, 1, 3
1689369614.8,2, 1, 3
1689369614.9,2, 1, 3
1689369615.0,2, 1, 3
1689369615.1,2, 1, 3
1689369615.2,2, 1, 3
1689369615.3,2, 1, 3
1689369615.4,2, 1, 3
1689369615.5,2, 1, 3
1689369615.6,2, 1, 3
1689369615.7,2, 1, 3
1689369615.8,2, 2, 4
1689369615.9,2, 2, 4
1689369616.0,2, 2, 4
1689369616.1,2, 2, 4
1689369616.2,2, 1, 3
1689369616.3,2, 1, 3
1689369616.4,2, 1, 3
1689369616.5,2, 1, 3
1689369616.6,2, 1, 3
1689369616.7,2, 1, 3
1689369616.8,2, 1, 3
1689369616.9,2, 1, 3
1689369617.0,2, 1, 3
1689369617.1,2, 1, 3
1689369617.2,2, 1, 3
1689369617.3,2, 1, 3
1689369617.4,2, 1, 3
1689369617.5,2, 1, 3
1689369617.6,2, 1, 3
1689369617.7,2, 1, 3
1689369617.8,2, 1, 3
1689369617.9,1, 1, 2
1689369618.0,1, 1, 2
1689369618.1,1, 1, 2
1689369618.2,1, 1, 2
1689369618.3,1, 1, 2
1689369618.4,1, 1, 2
1689369618.5,1, 1, 2
1689369618.6,1, 1, 2
1689369618.7,1, 1, 2
1689369618.8,1, 1, 2
1689369618.9,1, 1, 2
1689369619.0,1, 1, 2
1689369619.1,1, 1, 2
1689369619.2,1, 1, 2
1689369619.3,1, 1, 2
1689369619.4,1, 1, 2
1689369619.5,1, 1, 2
1689369619.6,1, 0, 1
1689369619.7,1, 0, 1
1689369619.8,1, 0, 1
1689369619.9,1, 0, 1
1689369620.0,1, 0, 1
1689369620.1,1, 0, 1
1689369620.2,1, 0, 1
1689369620.3,1, 0, 1
1689369620.4,1, 0, 1
1689369620.5,1, 0, 1
1689369620.6,1, 0, 1
1689369620.7,1, 0, 1
1689369620.8,1, 0, 1
1689369620.9,1, 0, 1
1689369621.0,1, 1, 2
1689369621.1,1, 0, 1
1689369621.2,1, 0, 1
1689369621.3,1, 0, 1
1689369621.4,1, 1, 2
1689369621.5,1, 1, 2
1689369621.6,1, 1, 2
1689369621.7,1, 1, 2
1689369621.8,1, 1, 2
1689369621.9,1, 1, 2
1689369622.0,1, 1, 2
1689369622.1,1, 1, 2
1689369622.2,1, 1, 2
1689369622.3,1, 1, 2
1689369622.4,1, 1, 2
1689369622.5,1, 1, 2
1689369622.6,1, 1, 2
1689369622.7,1, 1, 2
1689369622.8,1, 1, 2
1689369622.9,1, 1, 2
1689369623.0,1, 1, 2
1689369623.1,1, 1, 2
1689369623.2,1, 1, 2
1689369623.3,1, 1, 2
1689369623.4,1, 1, 2
1689369623.5,1, 1, 2
1689369623.6,1, 1, 2
1689369623.7,1, 1, 2
1689369623.8,1, 1, 2
1689369623.9,1, 1, 2
1689369624.0,1, 1, 2
1689369624.1,1, 1, 2
1689369624.2,1, 1, 2
1689369624.3,1, 1, 2
1689369624.4,0, 1, 1
1689369624.5,0, 1, 1
1689369624.6,1, 1, 2
1689369624.7,1, 1, 2
1689369624.8,1, 1, 2
1689369624.9,1, 1, 2
1689369625.0,1, 1, 2
1689369625.1,0, 1, 1
1689369625.2,0, 1, 1
1689369625.3,0, 1, 1
1689369625.4,0, 1, 1
1689369625.5,0, 1, 1
1689369625.6,1, 1, 2
1689369625.7,1, 1, 2
1689369625.8,1, 1, 2
1689369625.9,2, 1, 3
1689369626.0,1, 1, 2
1689369626.1,1, 1, 2
1689369626.2,1, 1, 2
1689369626.3,1, 1, 2
1689369626.4,1, 1, 2
1689369626.5,1, 1, 2
1689369626.6,1, 1, 2
1689369626.7,1, 1, 2
1689369626.8,1, 1, 2
1689369626.9,1, 1, 2
1689369627.0,1, 1, 2
1689369627.1,1, 1, 2
1689369627.2,1, 1, 2
1689369627.3,1, 1, 2
1689369627.4,1, 1, 2
1689369627.5,1, 1, 2
1689369627.6,1, 1, 2
1689369627.7,1, 1, 2
1689369627.8,1, 1, 2
1689369627.9,1, 1, 2
1689369628.0,1, 1, 2
1689369628.1,1, 1, 2
1689369628.2,1, 1, 2
1689369628.3,1, 1, 2
1689369628.4,1, 1, 2
1689369628.5,1, 1, 2
1689369628.6,1, 0, 1
1689369628.7,1, 1, 2
1689369628.8,1, 0, 1
1689369628.9,1, 1, 2
1689369629.0,1, 1, 2
1689369629.1,1, 1, 2
1689369629.2,1, 1, 2
1689369629.3,1, 2, 3
1689369629.4,1, 1, 2
1689369629.5,1, 1, 2
1689369629.6,1, 1, 2
1689369629.7,1, 1, 2
1689369629.8,1, 1, 2
1689369629.9,1, 1, 2
1689369630.0,1, 1, 2
1689369630.1,1, 1, 2
1689369630.2,1, 1, 2
1689369630.3,1, 1, 2
1689369630.4,1, 1, 2
1689369630.5,1, 1, 2
1689369630.6,1, 1, 2
1689369630.7,1, 1, 2
1689369630.8,1, 1, 2
1689369630.9,1, 1, 2
1689369631.0,1, 1, 2
1689369631.1,1, 1, 2
1689369631.2,1, 1, 2
1689369631.3,1, 1, 2
1689369631.4,1, 1, 2
1689369631.5,1, 1, 2
1689369631.6,1, 1, 2
1689369631.7,1, 1, 2
1689369631.8,1, 1, 2
1689369631.9,1, 1, 2
1689369632.0,1, 1, 2
1689369632.1,1, 1, 2
1689369632.2,1, 1, 2
1689369632.3,1, 1, 2
1689369632.4,0, 1, 1
1689369632.5,1, 1, 2
1689369632.6,0, 1, 1
1689369632.7,0, 1, 1
1689369632.8,0, 1, 1
1689369632.9,0, 2, 2
1689369633.0,0, 2, 2
1689369633.1,0, 2, 2
1689369633.2,0, 2, 2
1689369633.3,0, 2, 2
1689369633.4,0, 2, 2
1689369633.5,0, 2, 2
1689369633.6,0, 2, 2
1689369633.7,0, 2, 2
1689369633.8,0, 2, 2
1689369633.9,0, 2, 2
1689369634.0,0, 2, 2
1689369634.1,1, 2, 3
1689369634.2,1, 2, 3
1689369634.3,1, 2, 3
1689369634.4,1, 2, 3
1689369634.5,1, 2, 3
1689369634.6,1, 2, 3
1689369634.7,0, 2, 2
1689369634.8,1, 2, 3
1689369634.9,1, 2, 3
1689369635.0,1, 2, 3
1689369635.1,1, 2, 3
1689369635.2,1, 2, 3
1689369635.3,1, 2, 3
1689369635.4,1, 4, 5
1689369635.5,1, 2, 3
1689369635.6,0, 2, 2
1689369635.7,0, 2, 2
1689369635.8,0, 2, 2
1689369635.9,0, 2, 2
1689369636.0,0, 2, 2
1689369636.1,0, 2, 2
1689369636.2,0, 2, 2
1689369636.3,0, 2, 2
1689369636.4,0, 2, 2
1689369636.5,0, 2, 2
1689369636.6,0, 2, 2
1689369636.7,0, 2, 2
1689369636.8,0, 2, 2
1689369636.9,0, 3, 3
1689369637.0,0, 2, 2
1689369637.1,0, 3, 3
1689369637.2,0, 2, 2
1689369637.3,0, 2, 2
1689369637.4,0, 2, 2
1689369637.5,0, 2, 2
1689369637.6,0, 2, 2
1689369637.7,0, 2, 2
1689369637.8,0, 2, 2
1689369637.9,0, 2, 2
1689369638.0,0, 2, 2
1689369638.1,0, 2, 2
1689369638.2,0, 2, 2
1689369638.3,0, 2, 2
1689369638.4,0, 2, 2
1689369638.5,0, 2, 2
1689369638.6,0, 2, 2
1689369638.7,0, 2, 2
1689369638.8,0, 2, 2
1689369638.9,0, 2, 2
1689369639.0,0, 2, 2
1689369639.1,0, 2, 2
1689369639.2,0, 2, 2
1689369639.3,0, 2, 2
1689369639.4,0, 2, 2
1689369639.5,0, 2, 2
1689369639.6,0, 2, 2
1689369639.7,0, 2, 2
1689369639.8,0, 2, 2
1689369639.9,0, 2, 2
1689369640.0,0, 2, 2
1689369640.1,0, 2, 2
1689369640.2,0, 2, 2
1689369640.3,0, 2, 2
1689369640.4,0, 1, 1
1689369640.5,0, 2, 2
1689369640.6,0, 1, 1
1689369640.7,0, 1, 1
1689369640.8,0, 1, 1
1689369640.9,0, 1, 1
1689369641.0,0, 1, 1
1689369641.1,0, 1, 1
1689369641.2,0, 1, 1
1689369641.3,0, 1, 1
1689369641.4,0, 1, 1
1689369641.5,0, 1, 1
1689369641.6,0, 2, 2
1689369641.7,0, 1, 1
1689369641.8,0, 1, 1
1689369641.9,0, 1, 1
1689369642.0,0, 1, 1
1689369642.1,0, 1, 1
1689369642.2,0, 1, 1
1689369642.3,0, 1, 1
1689369642.4,0, 1, 1
1689369642.5,0, 1, 1
1689369642.6,0, 1, 1
1689369642.7,0, 1, 1
1689369642.8,0, 1, 1
1689369642.9,0, 2, 2
1689369643.0,0, 2, 2
1689369643.1,0, 2, 2
1689369643.2,0, 2, 2
1689369643.3,0, 2, 2
1689369643.4,0, 2, 2
1689369643.5,0, 1, 1
1689369643.6,0, 1, 1
1689369643.7,0, 2, 2
1689369643.8,0, 1, 1
1689369643.9,0, 2, 2
1689369644.0,0, 2, 2
1689369644.1,1, 3, 4
1689369644.2,1, 2, 3
1689369644.3,1, 2, 3
1689369644.4,1, 2, 3
1689369644.5,1, 2, 3
1689369644.6,1, 2, 3
1689369644.7,1, 2, 3
1689369644.8,1, 2, 3
1689369644.9,1, 2, 3
1689369645.0,1, 2, 3
1689369645.1,1, 2, 3
1689369645.2,1, 2, 3
1689369645.3,1, 2, 3
1689369645.4,1, 3, 4
1689369645.5,1, 3, 4
1689369645.6,1, 3, 4
1689369645.7,1, 3, 4
1689369645.8,1, 2, 3
1689369645.9,1, 2, 3
1689369646.0,1, 2, 3
1689369646.1,1, 2, 3
1689369646.2,1, 1, 2
1689369646.3,1, 2, 3
1689369646.4,1, 2, 3
1689369646.5,1, 2, 3
1689369646.6,1, 1, 2
1689369646.7,1, 1, 2
1689369646.8,1, 1, 2
1689369646.9,1, 2, 3
1689369647.0,1, 1, 2
1689369647.1,1, 1, 2
1689369647.2,1, 1, 2
1689369647.3,1, 2, 3
1689369647.4,1, 2, 3
1689369647.5,1, 1, 2
1689369647.6,1, 2, 3
1689369647.7,1, 1, 2
1689369647.8,1, 1, 2
1689369647.9,1, 1, 2
1689369648.0,1, 1, 2
1689369648.1,1, 1, 2
1689369648.2,1, 1, 2
1689369648.3,1, 1, 2
1689369648.4,2, 1, 3
1689369648.5,2, 1, 3
1689369648.6,2, 2, 4
1689369648.7,2, 1, 3
1689369648.8,2, 1, 3
1689369648.9,2, 1, 3
1689369649.0,2, 1, 3
1689369649.1,2, 1, 3
1689369649.2,2, 1, 3
1689369649.3,2, 1, 3
1689369649.4,2, 1, 3
1689369649.5,2, 1, 3
1689369649.6,2, 1, 3
1689369649.7,2, 1, 3
1689369649.8,2, 1, 3
1689369649.9,2, 1, 3
1689369650.0,2, 1, 3
1689369650.1,2, 1, 3
1689369650.2,2, 1, 3
1689369650.3,2, 1, 3
1689369650.4,2, 1, 3
1689369650.5,2, 1, 3
1689369650.6,2, 1, 3
1689369650.7,2, 1, 3
1689369650.8,2, 1, 3
1689369650.9,2, 1, 3
1689369651.0,2, 1, 3
1689369651.1,2, 1, 3
1689369651.2,2, 1, 3
1689369651.3,2, 1, 3
1689369651.4,2, 1, 3
1689369651.5,2, 1, 3
1689369651.6,1, 1, 2
1689369651.7,1, 1, 2
1689369651.8,1, 1, 2
1689369651.9,1, 1, 2
1689369652.0,1, 1, 2
1689369652.1,1, 1, 2
1689369652.2,1, 1, 2
1689369652.3,1, 1, 2
1689369652.4,1, 1, 2
1689369652.5,1, 1, 2
1689369652.6,1, 1, 2
1689369652.7,1, 2, 3
1689369652.8,1, 1, 2
1689369652.9,1, 1, 2
1689369653.0,1, 1, 2
1689369653.1,1, 1, 2
1689369653.2,1, 1, 2
1689369653.3,1, 1, 2
1689369653.4,1, 1, 2
1689369653.5,1, 1, 2
1689369653.6,1, 1, 2
1689369653.7,1, 1, 2
1689369653.8,1, 1, 2
1689369653.9,1, 1, 2
1689369654.0,1, 1, 2
1689369654.1,1, 1, 2
1689369654.2,1, 1, 2
1689369654.3,1, 1, 2
1689369654.4,1, 1, 2
1689369654.5,1, 1, 2
1689369654.6,1, 1, 2
1689369654.7,1, 1, 2
1689369654.8,1, 1, 2
1689369654.9,1, 1, 2
1689369655.0,1, 1, 2
1689369655.1,1, 1, 2
1689369655.2,1, 1, 2
1689369655.3,1, 1, 2
1689369655.4,1, 1, 2
1689369655.5,1, 1, 2
1689369655.6,1, 1, 2
1689369655.7,1, 1, 2
1689369655.8,1, 1, 2
1689369655.9,1, 1, 2
1689369656.0,0, 1, 1
1689369656.1,0, 1, 1
1689369656.2,0, 1, 1
1689369656.3,0, 1, 1
1689369656.4,0, 1, 1
1689369656.5,0, 1, 1
1689369656.6,0, 1, 1
1689369656.7,0, 1, 1
1689369656.8,0, 1, 1
1689369656.9,0, 1, 1
1689369657.0,0, 1, 1
1689369657.1,0, 1, 1
1689369657.2,0, 1, 1
1689369657.3,0, 1, 1
1689369657.4,0, 1, 1
1689369657.5,0, 1, 1
1689369657.6,0, 1, 1
1689369657.7,0, 1, 1
1689369657.8,0, 1, 1
1689369657.9,0, 1, 1
1689369658.0,0, 1, 1
1689369658.1,0, 1, 1
1689369658.2,0, 1, 1
1689369658.3,0, 1, 1
1689369658.4,0, 1, 1
1689369658.5,0, 1, 1
1689369658.6,0, 1, 1
1689369658.7,0, 1, 1
1689369658.8,0, 1, 1
1689369658.9,0, 1, 1
1689369659.0,0, 1, 1
1689369659.1,0, 1, 1
1689369659.2,0, 1, 1
1689369659.3,0, 1, 1
1689369659.4,0, 1, 1
1689369659.5,0, 1, 1
1689369659.6,0, 1, 1
1689369659.7,0, 1, 1
1689369659.8,0, 1, 1
1689369659.9,0, 1, 1
1689369660.0,0, 1, 1
1689369660.1,0, 1, 1
1689369660.2,0, 1, 1
1689369660.3,0, 1, 1
1689369660.4,0, 1, 1
1689369660.5,0, 1, 1
1689369660.6,0, 1, 1
1689369660.7,0, 1, 1
1689369660.8,1, 1, 2
1689369660.9,1, 1, 2
1689369661.0,1, 1, 2
1689369661.1,1, 1, 2
1689369661.2,1, 1, 2
1689369661.3,1, 1, 2
1689369661.4,1, 1, 2
1689369661.5,2, 1, 3
1689369661.6,2, 1, 3
1689369661.7,1, 1, 2
1689369661.8,0, 1, 1
1689369661.9,0, 1, 1
1689369662.0,0, 1, 1
1689369662.1,0, 1, 1
1689369662.2,0, 1, 1
1689369662.3,2, 1, 3
1689369662.4,2, 1, 3
1689369662.5,2, 1, 3
1689369662.6,3, 1, 4
1689369662.7,3, 1, 4
1689369662.8,1, 1, 2
1689369662.9,1, 1, 2
1689369663.0,2, 1, 3
1689369663.1,2, 1, 3
1689369663.2,1, 1, 2
1689369663.3,1, 2, 3
1689369663.4,1, 1, 2
1689369663.5,1, 1, 2
1689369663.6,1, 1, 2
1689369663.7,1, 1, 2
1689369663.8,2, 1, 3
1689369663.9,2, 1, 3
1689369664.0,2, 1, 3
1689369664.1,2, 1, 3
1689369664.2,2, 1, 3
1689369664.3,2, 1, 3
1689369664.4,1, 1, 2
1689369664.5,1, 1, 2
1689369664.6,1, 1, 2
1689369664.7,1, 1, 2
1689369664.8,1, 1, 2
1689369664.9,1, 1, 2
1689369665.0,1, 1, 2
1689369665.1,1, 1, 2
1689369665.2,1, 1, 2
1689369665.3,2, 1, 3
1689369665.4,2, 1, 3
1689369665.5,1, 1, 2
1689369665.6,2, 1, 3
1689369665.7,1, 1, 2
1689369665.8,1, 1, 2
1689369665.9,1, 1, 2
1689369666.0,2, 1, 3
1689369666.1,1, 1, 2
1689369666.2,1, 1, 2
1689369666.3,1, 1, 2
1689369666.4,1, 1, 2
1689369666.5,1, 1, 2
1689369666.6,1, 1, 2
1689369666.7,2, 1, 3
1689369666.8,3, 1, 4
1689369666.9,2, 1, 3
1689369667.0,2, 1, 3
1689369667.1,2, 1, 3
1689369667.2,2, 1, 3
1689369667.3,2, 1, 3
1689369667.4,2, 1, 3
1689369667.5,2, 1, 3
1689369667.6,2, 1, 3
1689369667.7,2, 1, 3
1689369667.8,2, 1, 3
1689369667.9,2, 1, 3
1689369668.0,2, 1, 3
1689369668.1,2, 1, 3
1689369668.2,2, 1, 3
1689369668.3,2, 1, 3
1689369668.4,2, 1, 3
1689369668.5,2, 1, 3
1689369668.6,2, 1, 3
1689369668.7,2, 1, 3
1689369668.8,2, 1, 3
1689369668.9,2, 1, 3
1689369669.0,2, 1, 3
1689369669.1,2, 1, 3
1689369669.2,2, 1, 3
1689369669.3,2, 1, 3
1689369669.4,2, 1, 3
1689369669.5,2, 1, 3
1689369669.6,2, 1, 3
1689369669.7,2, 1, 3
1689369669.8,2, 1, 3
1689369669.9,2, 1, 3
1689369670.0,2, 1, 3
1689369670.1,2, 1, 3
1689369670.2,2, 1, 3
1689369670.3,2, 1, 3
1689369670.4,2, 1, 3
1689369670.5,2, 1, 3
1689369670.6,2, 1, 3
1689369670.7,2, 1, 3
1689369670.8,2, 1, 3
1689369670.9,2, 1, 3
1689369671.0,2, 1, 3
1689369671.1,2, 1, 3
1689369671.2,2, 1, 3
1689369671.3,2, 1, 3
1689369671.4,2, 1, 3
1689369671.5,2, 1, 3
1689369671.6,2, 1, 3
1689369671.7,2, 1, 3
1689369671.8,2, 2, 4
1689369671.9,2, 1, 3
1689369672.0,2, 1, 3
1689369672.1,2, 1, 3
1689369672.2,1, 1, 2
1689369672.3,1, 1, 2
1689369672.4,1, 1, 2
1689369672.5,1, 1, 2
1689369672.6,1, 1, 2
1689369672.7,1, 1, 2
1689369672.8,2, 1, 3
1689369672.9,2, 1, 3
1689369673.0,2, 2, 4
1689369673.1,2, 1, 3
1689369673.2,1, 2, 3
1689369673.3,1, 2, 3
1689369673.4,1, 2, 3
1689369673.5,1, 2, 3
1689369673.6,1, 2, 3
1689369673.7,1, 2, 3
1689369673.8,1, 2, 3
1689369673.9,1, 2, 3
1689369674.0,1, 2, 3
1689369674.1,1, 2, 3
1689369674.2,1, 3, 4
1689369674.3,0, 3, 3
1689369674.4,0, 3, 3
1689369674.5,0, 4, 4
1689369674.6,0, 3, 3
1689369674.7,0, 2, 2
1689369674.8,1, 2, 3
1689369674.9,1, 3, 4
1689369675.0,1, 1, 2
1689369675.1,1, 2, 3
1689369675.2,1, 2, 3
1689369675.3,1, 2, 3
1689369675.4,1, 1, 2
1689369675.5,0, 0, 0
1689369675.6,0, 0, 0
1689369675.7,0, 0, 0
1689369675.8,0, 0, 0
1689369675.9,0, 0, 0
1689369676.0,0, 0, 0
1689369676.1,0, 0, 0
1689369676.2,0, 0, 0
1689369676.3,0, 0, 0
1689369676.4,0, 0, 0
1689369676.5,0, 1, 1
1689369676.6,1, 3, 4
1689369676.7,1, 4, 5
1689369676.8,1, 2, 3
1689369676.9,1, 3, 4
1689369677.0,1, 2, 3
1689369677.1,1, 3, 4
1689369677.2,1, 2, 3
1689369677.3,1, 3, 4
1689369677.4,1, 3, 4
1689369677.5,1, 3, 4
1689369677.6,1, 3, 4
1689369677.7,1, 3, 4
1689369677.8,0, 3, 3
1689369677.9,0, 4, 4
1689369678.0,0, 3, 3
1689369678.1,0, 3, 3
1689369678.2,0, 3, 3
1689369678.3,0, 3, 3
1689369678.4,0, 3, 3
1689369678.5,0, 3, 3
1689369678.6,0, 3, 3
1689369678.7,0, 3, 3
1689369678.8,0, 3, 3
1689369678.9,0, 3, 3
1689369679.0,0, 3, 3
1689369679.1,0, 3, 3
1689369679.2,0, 3, 3
1689369679.3,0, 3, 3
1689369679.4,0, 4, 4
1689369679.5,0, 3, 3
1689369679.6,0, 2, 2
1689369679.7,1, 2, 3
1689369679.8,1, 2, 3
1689369679.9,1, 3, 4
1689369680.0,1, 3, 4
1689369680.1,0, 2, 2
1689369680.2,1, 2, 3
1689369680.3,1, 4, 5
1689369680.4,1, 5, 6
1689369680.5,1, 2, 3
1689369680.6,0, 3, 3
1689369680.7,1, 2, 3
1689369680.8,1, 2, 3
1689369680.9,1, 2, 3
1689369681.0,1, 2, 3
1689369681.1,0, 1, 1
1689369681.2,0, 0, 0
1689369681.3,0, 0, 0
1689369681.4,0, 0, 0
1689369681.5,0, 0, 0
1689369681.6,0, 0, 0
1689369681.7,0, 0, 0
1689369681.8,0, 0, 0
1689369681.9,0, 0, 0
1689369682.0,0, 0, 0
1689369682.1,0, 0, 0
1689369682.2,0, 0, 0
1689369682.3,0, 0, 0
1689369682.4,0, 0, 0
1689369682.5,0, 0, 0
1689369682.6,0, 0, 0
1689369682.7,0, 0, 0
1689369682.8,0, 0, 0
1689369682.9,0, 0, 0
1689369683.0,0, 0, 0
1689369683.1,0, 0, 0
1689369683.2,0, 0, 0
1689369683.3,0, 0, 0
1689369683.4,0, 0, 0
1689369683.5,0, 0, 0
1689369683.6,0, 0, 0
1689369683.7,0, 0, 0
1689369683.8,0, 0, 0
1689369683.9,0, 0, 0
1689369684.0,0, 0, 0
1689369684.1,0, 0, 0
1689369684.2,0, 0, 0
1689369684.3,0, 0, 0
1689369684.4,0, 0, 0
1689369684.5,0, 0, 0
1689369684.6,0, 0, 0
1689369684.7,0, 0, 0
1689369684.8,0, 0, 0
1689369684.9,0, 0, 0
1689369685.0,0, 0, 0
1689369685.1,0, 0, 0
1689369685.2,0, 0, 0
1689369685.3,0, 0, 0
1689369685.4,0, 0, 0
1689369685.5,0, 0, 0
1689369685.6,0, 0, 0
1689369685.7,0, 0, 0
1689369685.8,0, 0, 0
1689369685.9,0, 0, 0
1689369686.0,0, 0, 0
1689369686.1,0, 0, 0
1689369686.2,0, 0, 0
1689369686.3,0, 0, 0
1689369686.4,0, 0, 0
1689369686.5,0, 0, 0
1689369686.6,0, 0, 0
1689369686.7,0, 0, 0
1689369686.8,0, 0, 0
1689369686.9,0, 0, 0
1689369687.0,0, 0, 0
1689369687.1,0, 0, 0
1689369687.2,0, 0, 0
1689369687.3,0, 0, 0
1689369687.4,0, 0, 0
1689369687.5,0, 0, 0
1689369687.6,0, 0, 0
1689369687.7,0, 0, 0
1689369687.8,0, 0, 0
1689369687.9,0, 0, 0
1689369688.0,0, 0, 0
1689369688.1,0, 0, 0
1689369688.2,0, 0, 0
1689369688.3,0, 0, 0
1689369688.4,0, 0, 0
1689369688.5,0, 0, 0
1689369688.6,0, 0, 0
1689369688.7,0, 0, 0
1689369688.8,0, 0, 0
1689369688.9,0, 0, 0
1689369689.0,0, 0, 0
1689369689.1,0, 0, 0
1689369689.2,0, 0, 0
1689369689.3,0, 0, 0
1689369689.4,0, 0, 0
1689369689.5,0, 0, 0
1689369689.6,0, 0, 0
1689369689.7,0, 0, 0
1689369689.8,0, 0, 0
1689369689.9,0, 0, 0
1689369690.0,0, 0, 0
1689369690.1,0, 0, 0
1689369690.2,0, 0, 0
1689369690.3,0, 0, 0
1689369690.4,0, 0, 0
1689369690.5,0, 0, 0
1689369690.6,0, 0, 0
1689369690.7,0, 0, 0
1689369690.8,0, 0, 0
1689369690.9,0, 0, 0
1689369691.0,0, 0, 0
1689369691.1,0, 0, 0
1689369691.2,0, 0, 0
1689369691.3,0, 0, 0
1689369691.4,0, 0, 0
1689369691.5,0, 0, 0
1689369691.6,0, 0, 0
1689369691.7,0, 0, 0
1689369691.8,0, 0, 0
1689369691.9,0, 0, 0
1689369692.0,0, 0, 0
1689369692.1,0, 0, 0
1689369692.2,0, 0, 0
1689369692.3,0, 0, 0
1689369692.4,0, 0, 0
1689369692.5,0, 0, 0
1689369692.6,0, 0, 0
1689369692.7,0, 0, 0
1689369692.8,0, 0, 0
1689369692.9,1, 0, 1
1689369693.0,1, 0, 1
1689369693.1,1, 0, 1
1689369693.2,1, 0, 1
1689369693.3,1, 0, 1
1689369693.4,1, 0, 1
1689369693.5,1, 0, 1
1689369693.6,1, 0, 1
1689369693.7,1, 0, 1
1689369693.8,1, 0, 1
1689369693.9,1, 0, 1
1689369694.0,1, 0, 1
1689369694.1,1, 0, 1
1689369694.2,1, 0, 1
1689369694.3,1, 0, 1
1689369694.4,1, 0, 1
1689369694.5,1, 0, 1
1689369694.6,1, 0, 1
1689369694.7,1, 0, 1
1689369694.8,1, 0, 1
1689369694.9,1, 0, 1
1689369695.0,1, 0, 1
1689369695.1,1, 0, 1
1689369695.2,1, 0, 1
1689369695.3,1, 0, 1
1689369695.4,0, 0, 0
1689369695.5,0, 0, 0
1689369695.6,0, 0, 0
1689369695.7,0, 0, 0
1689369695.8,0, 0, 0
1689369695.9,0, 0, 0
1689369696.0,0, 0, 0
1689369696.1,0, 0, 0
1689369696.2,0, 0, 0
1689369696.3,0, 0, 0
1689369696.4,0, 0, 0
1689369696.5,0, 0, 0
1689369696.6,0, 0, 0
1689369696.7,0, 0, 0
1689369696.8,0, 0, 0
1689369696.9,0, 0, 0
1689369697.0,0, 0, 0
1689369697.1,0, 0, 0
1689369697.2,0, 0, 0
1689369697.3,0, 0, 0
1689369697.4,0, 0, 0
1689369697.5,0, 0, 0
1689369697.6,0, 0, 0
1689369697.7,0, 0, 0
1689369697.8,0, 0, 0
1689369697.9,0, 0, 0
1689369698.0,0, 0, 0
1689369698.1,0, 0, 0
1689369698.2,0, 0, 0
1689369698.3,0, 0, 0
1689369698.4,0, 0, 0
1689369698.5,0, 0, 0
1689369698.6,0, 0, 0
1689369698.7,0, 0, 0
1689369698.8,0, 0, 0
1689369698.9,0, 0, 0
1689369699.0,0, 0, 0
1689369699.1,0, 0, 0
1689369699.2,0, 0, 0
1689369699.3,0, 0, 0
1689369699.4,0, 0, 0
1689369699.5,0, 0, 0
1689369699.6,0, 0, 0
1689369699.7,0, 0, 0
1689369699.8,1, 0, 1
1689369699.9,1, 0, 1
1689369700.0,1, 0, 1
1689369700.1,1, 0, 1
1689369700.2,1, 0, 1
1689369700.3,1, 0, 1
1689369700.4,1, 0, 1
1689369700.5,1, 0, 1
1689369700.6,1, 0, 1
1689369700.7,1, 0, 1
1689369700.8,0, 0, 0
1689369700.9,0, 0, 0
1689369701.0,0, 0, 0
1689369701.1,1, 0, 1
1689369701.2,1, 0, 1
1689369701.3,1, 0, 1
1689369701.4,0, 0, 0
1689369701.5,0, 0, 0
1689369701.6,0, 0, 0
1689369701.7,0, 0, 0
1689369701.8,0, 0, 0
1689369701.9,0, 0, 0
1689369702.0,0, 0, 0
1689369702.1,0, 0, 0
1689369702.2,0, 0, 0
1689369702.3,0, 0, 0
1689369702.4,0, 0, 0
1689369702.5,1, 0, 1
1689369702.6,2, 0, 2
1689369702.7,1, 0, 1
1689369702.8,1, 0, 1
1689369702.9,1, 0, 1
1689369703.0,1, 0, 1
1689369703.1,1, 0, 1
1689369703.2,1, 0, 1
1689369703.3,1, 0, 1
1689369703.4,1, 0, 1
1689369703.5,1, 0, 1
1689369703.6,1, 0, 1
1689369703.7,1, 0, 1
1689369703.8,1, 0, 1
1689369703.9,1, 0, 1
1689369704.0,1, 0, 1
1689369704.1,1, 0, 1
1689369704.2,1, 0, 1
1689369704.3,1, 0, 1
1689369704.4,1, 0, 1
1689369704.5,1, 0, 1
1689369704.6,1, 0, 1
1689369704.7,0, 0, 0
1689369704.8,0, 0, 0
1689369704.9,0, 0, 0
1689369705.0,0, 0, 0
1689369705.1,0, 0, 0
1689369705.2,0, 0, 0
1689369705.3,0, 0, 0
1689369705.4,0, 0, 0
1689369705.5,0, 0, 0
1689369705.6,0, 0, 0
1689369705.7,0, 0, 0
1689369705.8,0, 0, 0
1689369705.9,0, 0, 0
1689369706.0,0, 0, 0
1689369706.1,0, 0, 0
1689369706.2,0, 0, 0
1689369706.3,0, 0, 0
1689369706.4,0, 0, 0
1689369706.5,0, 0, 0
1689369706.6,0, 0, 0
1689369706.7,0, 0, 0
1689369706.8,0, 0, 0
1689369706.9,0, 0, 0
1689369707.0,0, 0, 0
1689369707.1,0, 0, 0
1689369707.2,0, 0, 0
1689369707.3,0, 0, 0
1689369707.4,0, 0, 0
1689369707.5,0, 0, 0
1689369707.6,0, 0, 0
1689369707.7,0, 0, 0
1689369707.8,0, 0, 0
1689369707.9,0, 0, 0
1689369708.0,0, 0, 0
1689369708.1,0, 0, 0
1689369708.2,0, 0, 0
1689369708.3,0, 0, 0
1689369708.4,0, 0, 0
1689369708.5,0, 0, 0
1689369708.6,0, 0, 0
1689369708.7,0, 0, 0
1689369708.8,0, 0, 0
1689369708.9,0, 0, 0
1689369709.0,0, 0, 0
1689369709.1,0, 0, 0
1689369709.2,0, 0, 0
1689369709.3,0, 0, 0
1689369709.4,0, 0, 0
1689369709.5,0, 0, 0
1689369709.6,0, 0, 0
1689369709.7,0, 0, 0
1689369709.8,0, 0, 0
1689369709.9,0, 0, 0
1689369710.0,0, 0, 0
1689369710.1,0, 0, 0
1689369710.2,0, 0, 0
1689369710.3,0, 0, 0
1689369710.4,0, 0, 0
1689369710.5,0, 0, 0
1689369710.6,0, 0, 0
1689369710.7,0, 0, 0
1689369710.8,0, 0, 0
1689369710.9,0, 0, 0
1689369711.0,0, 0, 0
1689369711.1,0, 0, 0
1689369711.2,0, 0, 0
1689369711.3,0, 0, 0
1689369711.4,0, 0, 0
1689369711.5,0, 0, 0
1689369711.6,0, 0, 0
1689369711.7,0, 0, 0
1689369711.8,0, 0, 0
1689369711.9,0, 0, 0
1689369712.0,0, 0, 0
1689369712.1,0, 0, 0
1689369712.2,0, 0, 0
1689369712.3,0, 0, 0
1689369712.4,0, 0, 0
1689369712.5,0, 0, 0
1689369712.6,0, 0, 0
1689369712.7,0, 0, 0
1689369712.8,0, 0, 0
1689369712.9,0, 0, 0
1689369713.0,0, 0, 0
1689369713.1,0, 0, 0
1689369713.2,0, 0, 0
1689369713.3,0, 0, 0
1689369713.4,0, 0, 0
1689369713.5,0, 0, 0
1689369713.6,0, 0, 0
1689369713.7,0, 0, 0
1689369713.8,0, 0, 0
1689369713.9,0, 0, 0
1689369714.0,0, 0, 0
1689369714.1,0, 0, 0
1689369714.2,0, 0, 0
1689369714.3,0, 0, 0
1689369714.4,0, 0, 0
1689369714.5,0, 0, 0
1689369714.6,1, 0, 1
1689369714.7,1, 0, 1
1689369714.8,1, 0, 1
1689369714.9,1, 0, 1
1689369715.0,1, 0, 1
1689369715.1,0, 0, 0
1689369715.2,1, 0, 1
1689369715.3,1, 0, 1
1689369715.4,1, 0, 1
1689369715.5,1, 0, 1
1689369715.6,1, 0, 1
1689369715.7,1, 0, 1
1689369715.8,1, 0, 1
1689369715.9,1, 0, 1
1689369716.0,1, 0, 1
1689369716.1,1, 0, 1
1689369716.2,1, 0, 1
1689369716.3,1, 0, 1
1689369716.4,1, 0, 1
1689369716.5,1, 0, 1
1689369716.6,1, 0, 1
1689369716.7,1, 0, 1
1689369716.8,1, 0, 1
1689369716.9,1, 0, 1
1689369717.0,1, 0, 1
1689369717.1,1, 0, 1
1689369717.2,1, 0, 1
1689369717.3,1, 0, 1
1689369717.4,1, 0, 1
1689369717.5,1, 0, 1
1689369717.6,1, 0, 1
1689369717.7,1, 0, 1
1689369717.8,1, 0, 1
1689369717.9,1, 0, 1
1689369718.0,1, 0, 1
1689369718.1,1, 0, 1
1689369718.2,1, 0, 1
1689369718.3,1, 0, 1
1689369718.4,1, 0, 1
1689369718.5,1, 0, 1
1689369718.6,1, 0, 1
1689369718.7,1, 0, 1
1689369718.8,1, 0, 1
1689369718.9,1, 0, 1
1689369719.0,1, 0, 1
1689369719.1,1, 0, 1
1689369719.2,1, 0, 1
1689369719.3,1, 0, 1
1689369719.4,1, 0, 1
1689369719.5,2, 0, 2
1689369719.6,1, 0, 1
1689369719.7,1, 0, 1
1689369719.8,1, 0, 1
1689369719.9,0, 0, 0
1689369720.0,1, 0, 1
1689369720.1,2, 0, 2
1689369720.2,2, 0, 2
1689369720.3,2, 0, 2
1689369720.4,1, 0, 1
1689369720.5,0, 0, 0
1689369720.6,0, 0, 0
1689369720.7,0, 0, 0
1689369720.8,0, 0, 0
1689369720.9,0, 0, 0
1689369721.0,0, 0, 0
1689369721.1,0, 0, 0
1689369721.2,1, 0, 1
1689369721.3,1, 0, 1
1689369721.4,1, 0, 1
1689369721.5,1, 0, 1
1689369721.6,1, 0, 1
1689369721.7,1, 0, 1
1689369721.8,1, 0, 1
1689369721.9,1, 0, 1
1689369722.0,1, 0, 1
1689369722.1,1, 0, 1
1689369722.2,1, 0, 1
1689369722.3,1, 0, 1
1689369722.4,1, 0, 1
1689369722.5,1, 0, 1
1689369722.6,1, 0, 1
1689369722.7,1, 0, 1
1689369722.8,1, 0, 1
1689369722.9,1, 0, 1
1689369723.0,0, 0, 0
1689369723.1,1, 0, 1
1689369723.2,0, 0, 0
1689369723.3,0, 0, 0
1689369723.4,0, 0, 0
1689369723.5,0, 0, 0
1689369723.6,0, 0, 0
1689369723.7,0, 0, 0
1689369723.8,0, 0, 0
1689369723.9,2, 0, 2
1689369724.0,0, 0, 0
1689369724.1,0, 0, 0
1689369724.2,0, 0, 0
1689369724.3,0, 0, 0
1689369724.4,1, 0, 1
1689369724.5,1, 0, 1
1689369724.6,1, 0, 1
1689369724.7,2, 0, 2
1689369724.8,1, 0, 1
1689369724.9,1, 0, 1
1689369725.0,1, 0, 1
1689369725.1,1, 0, 1
1689369725.2,1, 0, 1
1689369725.3,1, 0, 1
1689369725.4,1, 0, 1
1689369725.5,1, 0, 1
1689369725.6,0, 0, 0
1689369725.7,0, 0, 0
1689369725.8,0, 0, 0
1689369725.9,0, 0, 0
1689369726.0,1, 0, 1
1689369726.1,1, 0, 1
1689369726.2,1, 0, 1
1689369726.3,1, 0, 1
1689369726.4,1, 0, 1
1689369726.5,1, 0, 1
1689369726.6,1, 0, 1
1689369726.7,1, 0, 1
1689369726.8,1, 0, 1
1689369726.9,1, 0, 1
1689369727.0,1, 0, 1
1689369727.1,1, 0, 1
1689369727.2,1, 0, 1
1689369727.3,1, 0, 1
1689369727.4,1, 0, 1
1689369727.5,1, 0, 1
1689369727.6,1, 0, 1
1689369727.7,1, 0, 1
1689369727.8,1, 0, 1
1689369727.9,0, 0, 0
1689369728.0,0, 0, 0
1689369728.1,0, 0, 0
1689369728.2,0, 0, 0
1689369728.3,0, 0, 0
1689369728.4,0, 0, 0
1689369728.5,0, 0, 0
1689369728.6,0, 0, 0
1689369728.7,0, 0, 0
1689369728.8,0, 0, 0
1689369728.9,0, 0, 0
1689369729.0,0, 0, 0
1689369729.1,0, 0, 0
1689369729.2,0, 0, 0
1689369729.3,0, 0, 0
1689369729.4,0, 0, 0
1689369729.5,0, 0, 0
1689369729.6,0, 0, 0
1689369729.7,0, 0, 0
1689369729.8,0, 0, 0
1689369729.9,0, 0, 0
1689369730.0,0, 0, 0
1689369730.1,0, 0, 0
1689369730.2,0, 0, 0
1689369730.3,0, 0, 0
1689369730.4,0, 0, 0
1689369730.5,0, 0, 0
1689369730.6,0, 0, 0
1689369730.7,0, 0, 0
1689369730.8,0, 0, 0
1689369730.9,0, 0, 0
1689369731.0,0, 0, 0
1689369731.1,0, 0, 0
1689369731.2,0, 0, 0
1689369731.3,0, 0, 0
1689369731.4,0, 0, 0
1689369731.5,0, 0, 0
1689369731.6,0, 0, 0
1689369731.7,0, 0, 0
1689369731.8,0, 0, 0
1689369731.9,0, 0, 0
1689369732.0,0, 0, 0
1689369732.1,0, 0, 0
1689369732.2,0, 0, 0
1689369732.3,0, 0, 0
1689369732.4,0, 0, 0
1689369732.5,0, 0, 0
1689369732.6,0, 0, 0
1689369732.7,0, 0, 0
1689369732.8,0, 0, 0
1689369732.9,0, 0, 0
1689369733.0,0, 0, 0
1689369733.1,0, 0, 0
1689369733.2,0, 0, 0
1689369733.3,0, 0, 0
1689369733.4,0, 0, 0
1689369733.5,0, 0, 0
1689369733.6,0, 0, 0
1689369733.7,0, 0, 0
1689369733.8,0, 0, 0
1689369733.9,0, 0, 0
1689369734.0,0, 0, 0
1689369734.1,0, 0, 0
1689369734.2,0, 0, 0
1689369734.3,0, 0, 0
1689369734.4,0, 0, 0
1689369734.5,0, 0, 0
1689369734.6,0, 0, 0
1689369734.7,0, 0, 0
1689369734.8,0, 0, 0
1689369734.9,0, 0, 0
1689369735.0,0, 0, 0
1689369735.1,0, 0, 0
1689369735.2,0, 0, 0
1689369735.3,0, 0, 0
1689369735.4,0, 0, 0
1689369735.5,0, 0, 0
1689369735.6,0, 0, 0
1689369735.7,0, 0, 0
1689369735.8,0, 0, 0
1689369735.9,0, 0, 0
1689369736.0,0, 0, 0
1689369736.1,0, 0, 0
1689369736.2,0, 0, 0
1689369736.3,0, 0, 0
1689369736.4,0, 0, 0
1689369736.5,0, 0, 0
1689369736.6,0, 0, 0
1689369736.7,0, 0, 0
1689369736.8,0, 0, 0
1689369736.9,0, 0, 0
1689369737.0,0, 0, 0
1689369737.1,0, 0, 0
1689369737.2,0, 0, 0
1689369737.3,0, 0, 0
1689369737.4,0, 0, 0
1689369737.5,0, 0, 0
1689369737.6,0, 0, 0
1689369737.7,0, 0, 0
1689369737.8,0, 0, 0
1689369737.9,0, 0, 0
1689369738.0,0, 0, 0
1689369738.1,0, 0, 0
1689369738.2,0, 0, 0
1689369738.3,0, 0, 0
1689369738.4,0, 0, 0
1689369738.5,0, 0, 0
1689369738.6,0, 0, 0
1689369738.7,0, 0, 0
1689369738.8,0, 0, 0
1689369738.9,0, 0, 0
1689369739.0,0, 0, 0
1689369739.1,0, 0, 0
1689369739.2,0, 0, 0
1689369739.3,0, 0, 0
1689369739.4,0, 0, 0
1689369739.5,0, 0, 0
1689369739.6,0, 0, 0
1689369739.7,0, 0, 0
1689369739.8,0, 0, 0
1689369739.9,0, 0, 0
1689369740.0,0, 0, 0
1689369740.1,0, 0, 0
1689369740.2,0, 0, 0
1689369740.3,0, 0, 0
1689369740.4,0, 0, 0
1689369740.5,0, 0, 0
1689369740.6,0, 0, 0
1689369740.7,0, 0, 0
1689369740.8,0, 0, 0
1689369740.9,0, 0, 0
1689369741.0,0, 0, 0
1689369741.1,0, 0, 0
1689369741.2,0, 0, 0
1689369741.3,0, 0, 0
1689369741.4,0, 0, 0
1689369741.5,0, 0, 0
1689369741.6,0, 0, 0
1689369741.7,0, 0, 0
1689369741.8,0, 0, 0
1689369741.9,0, 0, 0
1689369742.0,0, 0, 0
1689369742.1,0, 0, 0
1689369742.2,0, 0, 0
1689369742.3,0, 0, 0
1689369742.4,0, 0, 0
1689369742.5,0, 0, 0
1689369742.6,0, 0, 0
1689369742.7,0, 0, 0
1689369742.8,0, 0, 0
1689369742.9,0, 0, 0
1689369743.0,0, 0, 0
1689369743.1,0, 0, 0
1689369743.2,0, 0, 0
1689369743.3,0, 0, 0
1689369743.4,0, 0, 0
1689369743.5,0, 0, 0
1689369743.6,1, 0, 1
1689369743.7,1, 0, 1
1689369743.8,1, 0, 1
1689369743.9,1, 0, 1
1689369744.0,1, 0, 1
1689369744.1,1, 0, 1
1689369744.2,1, 0, 1
1689369744.3,1, 0, 1
1689369744.4,1, 0, 1
1689369744.5,1, 0, 1
1689369744.6,0, 0, 0
1689369744.7,0, 0, 0
1689369744.8,0, 0, 0
1689369744.9,0, 0, 0
1689369745.0,0, 0, 0
1689369745.1,0, 0, 0
1689369745.2,0, 0, 0
1689369745.3,0, 0, 0
1689369745.4,0, 0, 0
1689369745.5,0, 0, 0
1689369745.6,0, 0, 0
1689369745.7,0, 0, 0
1689369745.8,0, 0, 0
1689369745.9,0, 0, 0
1689369746.0,0, 0, 0
1689369746.1,0, 0, 0
1689369746.2,0, 0, 0
1689369746.3,0, 0, 0
1689369746.4,0, 0, 0
1689369746.5,0, 0, 0
1689369746.6,0, 0, 0
1689369746.7,0, 0, 0
1689369746.8,0, 0, 0
1689369746.9,0, 0, 0
1689369747.0,0, 0, 0
1689369747.1,0, 0, 0
1689369747.2,0, 0, 0
1689369747.3,0, 0, 0
1689369747.4,0, 0, 0
1689369747.5,0, 0, 0
1689369747.6,0, 0, 0
1689369747.7,0, 0, 0
1689369747.8,0, 0, 0
1689369747.9,0, 0, 0
1689369748.0,0, 0, 0
1689369748.1,0, 0, 0
1689369748.2,0, 0, 0
1689369748.3,0, 0, 0
1689369748.4,0, 0, 0
1689369748.5,1, 0, 1
1689369748.6,1, 0, 1
1689369748.7,1, 0, 1
1689369748.8,1, 0, 1
1689369748.9,1, 0, 1
1689369749.0,1, 0, 1
1689369749.1,1, 0, 1
1689369749.2,1, 0, 1
1689369749.3,1, 0, 1
1689369749.4,1, 0, 1
1689369749.5,1, 0, 1
1689369749.6,1, 0, 1
1689369749.7,1, 0, 1
1689369749.8,1, 0, 1
1689369749.9,0, 0, 0
1689369750.0,0, 0, 0
1689369750.1,0, 0, 0
1689369750.2,0, 0, 0
1689369750.3,0, 0, 0
1689369750.4,0, 0, 0
1689369750.5,0, 0, 0
1689369750.6,0, 0, 0
1689369750.7,0, 0, 0
1689369750.8,0, 0, 0
1689369750.9,0, 0, 0
1689369751.0,0, 0, 0
1689369751.1,0, 0, 0
1689369751.2,0, 0, 0
1689369751.3,0, 0, 0
1689369751.4,0, 0, 0
1689369751.5,0, 0, 0
1689369751.6,0, 0, 0
1689369751.7,0, 0, 0
1689369751.8,0, 0, 0
1689369751.9,0, 0, 0
1689369752.0,0, 0, 0
1689369752.1,0, 0, 0
1689369752.2,0, 0, 0
1689369752.3,0, 0, 0
1689369752.4,0, 0, 0
1689369752.5,0, 0, 0
1689369752.6,0, 0, 0
1689369752.7,0, 0, 0
1689369752.8,0, 0, 0
1689369752.9,0, 0, 0
1689369753.0,0, 0, 0
1689369753.1,0, 0, 0
1689369753.2,0, 0, 0
1689369753.3,0, 0, 0
1689369753.4,0, 0, 0
1689369753.5,0, 0, 0
1689369753.6,0, 0, 0
1689369753.7,0, 0, 0
1689369753.8,0, 0, 0
1689369753.9,0, 0, 0
1689369754.0,0, 0, 0
1689369754.1,0, 0, 0
1689369754.2,0, 0, 0
1689369754.3,0, 0, 0
1689369754.4,0, 0, 0
1689369754.5,0, 0, 0
1689369754.6,0, 0, 0
1689369754.7,0, 0, 0
1689369754.8,0, 0, 0
1689369754.9,0, 0, 0
1689369755.0,0, 0, 0
1689369755.1,0, 0, 0
1689369755.2,0, 0, 0
1689369755.3,0, 0, 0
1689369755.4,0, 0, 0
1689369755.5,0, 0, 0
1689369755.6,0, 0, 0
1689369755.7,0, 0, 0
1689369755.8,0, 0, 0
1689369755.9,0, 0, 0
1689369756.0,0, 0, 0
1689369756.1,0, 0, 0
1689369756.2,0, 0, 0
1689369756.3,0, 0, 0
1689369756.4,0, 0, 0
1689369756.5,0, 0, 0
1689369756.6,0, 0, 0
1689369756.7,0, 0, 0
1689369756.8,0, 0, 0
1689369756.9,0, 0, 0
1689369757.0,0, 0, 0
1689369757.1,0, 0, 0
1689369757.2,0, 0, 0
1689369757.3,0, 0, 0
1689369757.4,0, 0, 0
1689369757.5,0, 0, 0
1689369757.6,0, 0, 0
1689369757.7,0, 0, 0
1689369757.8,0, 0, 0
1689369757.9,0, 0, 0
1689369758.0,0, 0, 0
1689369758.1,0, 0, 0
1689369758.2,0, 0, 0
1689369758.3,0, 0, 0
1689369758.4,0, 0, 0
1689369758.5,0, 0, 0
1689369758.6,0, 0, 0
1689369758.7,0, 0, 0
1689369758.8,0, 0, 0
1689369758.9,0, 0, 0
1689369759.0,0, 0, 0
1689369759.1,0, 0, 0
1689369759.2,0, 0, 0
1689369759.3,0, 0, 0
1689369759.4,0, 0, 0
1689369759.5,0, 0, 0
1689369759.6,0, 0, 0
1689369759.7,0, 0, 0
1689369759.8,0, 0, 0
1689369759.9,0, 0, 0
1689369760.0,0, 0, 0
1689369760.1,0, 0, 0
1689369760.2,0, 0, 0
1689369760.3,0, 0, 0
1689369760.4,0, 0, 0
1689369760.5,0, 1, 1
1689369760.6,0, 1, 1
1689369760.7,0, 0, 0
1689369760.8,0, 0, 0
1689369760.9,0, 0, 0
1689369761.0,1, 0, 1
1689369761.1,1, 0, 1
1689369761.2,1, 0, 1
1689369761.3,1, 0, 1
1689369761.4,1, 0, 1
1689369761.5,1, 0, 1
1689369761.6,1, 0, 1
1689369761.7,1, 0, 1
1689369761.8,1, 0, 1
1689369761.9,1, 0, 1
1689369762.0,1, 0, 1
1689369762.1,1, 0, 1
1689369762.2,1, 0, 1
1689369762.3,1, 0, 1
1689369762.4,1, 0, 1
1689369762.5,1, 0, 1
1689369762.6,1, 0, 1
1689369762.7,1, 0, 1
1689369762.8,1, 0, 1
1689369762.9,1, 0, 1
1689369763.0,0, 0, 0
1689369763.1,0, 0, 0
1689369763.2,0, 0, 0
1689369763.3,0, 0, 0
1689369763.4,0, 0, 0
1689369763.5,0, 0, 0
1689369763.6,0, 0, 0
1689369763.7,0, 0, 0
1689369763.8,0, 0, 0
1689369763.9,0, 0, 0
1689369764.0,0, 0, 0
1689369764.1,0, 0, 0
1689369764.2,0, 0, 0
1689369764.3,0, 0, 0
1689369764.4,0, 0, 0
1689369764.5,0, 0, 0
1689369764.6,0, 0, 0
1689369764.7,0, 0, 0
1689369764.8,0, 0, 0
1689369764.9,0, 0, 0
1689369765.0,0, 0, 0
1689369765.1,0, 0, 0
1689369765.2,0, 0, 0
1689369765.3,0, 0, 0
1689369765.4,0, 0, 0
1689369765.5,0, 0, 0
1689369765.6,0, 0, 0
1689369765.7,0, 0, 0
1689369765.8,0, 0, 0
1689369765.9,0, 0, 0
1689369766.0,0, 0, 0
1689369766.1,0, 0, 0
1689369766.2,0, 0, 0
1689369766.3,0, 0, 0
1689369766.4,0, 0, 0
1689369766.5,0, 0, 0
1689369766.6,0, 0, 0
1689369766.7,0, 0, 0
1689369766.8,0, 0, 0
1689369766.9,0, 0, 0
1689369767.0,0, 0, 0
1689369767.1,0, 0, 0
1689369767.2,0, 0, 0
1689369767.3,0, 0, 0
1689369767.4,0, 0, 0
1689369767.5,0, 0, 0
1689369767.6,0, 0, 0
1689369767.7,0, 0, 0
1689369767.8,0, 0, 0
1689369767.9,0, 0, 0
1689369768.0,0, 0, 0
1689369768.1,0, 0, 0
1689369768.2,0, 0, 0
1689369768.3,0, 0, 0
1689369768.4,0, 0, 0
1689369768.5,0, 0, 0
1689369768.6,0, 0, 0
1689369768.7,0, 0, 0
1689369768.8,0, 0, 0
1689369768.9,0, 0, 0
1689369769.0,0, 0, 0
1689369769.1,0, 0, 0
1689369769.2,0, 0, 0
1689369769.3,0, 0, 0
1689369769.4,0, 0, 0
1689369769.5,0, 0, 0
1689369769.6,0, 0, 0
1689369769.7,0, 0, 0
1689369769.8,0, 0, 0
1689369769.9,0, 0, 0
1689369770.0,0, 0, 0
1689369770.1,0, 0, 0
1689369770.2,0, 0, 0
1689369770.3,0, 0, 0
1689369770.4,0, 0, 0
1689369770.5,0, 0, 0
1689369770.6,0, 0, 0
1689369770.7,0, 0, 0
1689369770.8,0, 0, 0
1689369770.9,0, 0, 0
1689369771.0,0, 0, 0
1689369771.1,0, 0, 0
1689369771.2,0, 0, 0
1689369771.3,0, 0, 0
1689369771.4,0, 0, 0
1689369771.5,0, 0, 0
1689369771.6,0, 0, 0
1689369771.7,0, 0, 0
1689369771.8,0, 0, 0
1689369771.9,0, 0, 0
1689369772.0,0, 0, 0
1689369772.1,0, 0, 0
1689369772.2,0, 0, 0
1689369772.3,0, 0, 0
1689369772.4,0, 0, 0
1689369772.5,0, 0, 0
1689369772.6,0, 0, 0
1689369772.7,0, 0, 0
1689369772.8,0, 0, 0
1689369772.9,0, 0, 0
1689369773.0,0, 0, 0
1689369773.1,0, 0, 0
1689369773.2,0, 0, 0
1689369773.3,0, 0, 0
1689369773.4,0, 0, 0
1689369773.5,0, 0, 0
1689369773.6,0, 0, 0
1689369773.7,0, 0, 0
1689369773.8,0, 0, 0
1689369773.9,0, 0, 0
1689369774.0,0, 0, 0
1689369774.1,0, 0, 0
1689369774.2,0, 0, 0
1689369774.3,0, 0, 0
1689369774.4,0, 0, 0
1689369774.5,0, 0, 0
1689369774.6,0, 0, 0
1689369774.7,0, 0, 0
1689369774.8,0, 0, 0
1689369774.9,0, 0, 0
1689369775.0,0, 0, 0
1689369775.1,0, 0, 0
1689369775.2,0, 0, 0
1689369775.3,0, 0, 0
1689369775.4,0, 0, 0
1689369775.5,0, 0, 0
1689369775.6,0, 0, 0
1689369775.7,0, 0, 0
1689369775.8,0, 0, 0
1689369775.9,0, 0, 0
1689369776.0,0, 0, 0
1689369776.1,0, 0, 0
1689369776.2,0, 0, 0
1689369776.3,0, 0, 0
1689369776.4,0, 0, 0
1689369776.5,0, 0, 0
1689369776.6,0, 0, 0
1689369776.7,0, 0, 0
1689369776.8,0, 0, 0
1689369776.9,0, 0, 0
1689369777.0,0, 0, 0
1689369777.1,0, 0, 0
1689369777.2,0, 0, 0
1689369777.3,0, 0, 0
1689369777.4,0, 0, 0
1689369777.5,0, 0, 0
1689369777.6,0, 0, 0
1689369777.7,0, 0, 0
1689369777.8,0, 0, 0
1689369777.9,0, 0, 0
1689369778.0,0, 0, 0
1689369778.1,0, 0, 0
1689369778.2,0, 0, 0
1689369778.3,0, 0, 0
1689369778.4,0, 0, 0
1689369778.5,0, 1, 1
1689369778.6,0, 1, 1
1689369778.7,0, 0, 0
1689369778.8,0, 0, 0
1689369778.9,0, 0, 0
1689369779.0,0, 0, 0
1689369779.1,0, 0, 0
1689369779.2,0, 0, 0
1689369779.3,0, 1, 1
1689369779.4,0, 0, 0
1689369779.5,0, 0, 0
1689369779.6,0, 0, 0
1689369779.7,0, 0, 0
1689369779.8,0, 0, 0
1689369779.9,0, 0, 0
1689369780.0,0, 0, 0
1689369780.1,0, 0, 0
1689369780.2,0, 0, 0
1689369780.3,0, 1, 1
1689369780.4,0, 1, 1
1689369780.5,0, 1, 1
1689369780.6,0, 1, 1
1689369780.7,0, 1, 1
1689369780.8,0, 1, 1
1689369780.9,0, 0, 0
1689369781.0,0, 1, 1
1689369781.1,0, 1, 1
1689369781.2,0, 1, 1
1689369781.3,0, 1, 1
1689369781.4,0, 0, 0
1689369781.5,0, 0, 0
1689369781.6,0, 0, 0
1689369781.7,0, 0, 0
1689369781.8,0, 0, 0
1689369781.9,0, 0, 0
1689369782.0,0, 0, 0
1689369782.1,0, 0, 0
1689369782.2,0, 0, 0
1689369782.3,0, 0, 0
1689369782.4,0, 0, 0
1689369782.5,0, 0, 0
1689369782.6,0, 0, 0
1689369782.7,0, 0, 0
1689369782.8,0, 0, 0
1689369782.9,0, 0, 0
1689369783.0,0, 0, 0
1689369783.1,0, 0, 0
1689369783.2,0, 0, 0
1689369783.3,0, 0, 0
1689369783.4,0, 0, 0
1689369783.5,0, 0, 0
1689369783.6,0, 0, 0
1689369783.7,0, 0, 0
1689369783.8,0, 0, 0
1689369783.9,0, 0, 0
1689369784.0,0, 0, 0
1689369784.1,0, 0, 0
1689369784.2,0, 0, 0
1689369784.3,0, 0, 0
1689369784.4,0, 0, 0
1689369784.5,0, 0, 0
1689369784.6,0, 0, 0
1689369784.7,0, 0, 0
1689369784.8,0, 0, 0
1689369784.9,0, 0, 0
1689369785.0,0, 0, 0
1689369785.1,0, 0, 0
1689369785.2,0, 0, 0
1689369785.3,0, 0, 0
1689369785.4,0, 0, 0
1689369785.5,0, 0, 0
1689369785.6,0, 0, 0
1689369785.7,0, 0, 0
1689369785.8,0, 0, 0
1689369785.9,0, 1, 1
1689369786.0,0, 1, 1
1689369786.1,0, 1, 1
1689369786.2,0, 1, 1
1689369786.3,0, 1, 1
1689369786.4,0, 1, 1
1689369786.5,0, 1, 1
1689369786.6,0, 1, 1
1689369786.7,0, 1, 1
1689369786.8,0, 0, 0
1689369786.9,0, 0, 0
1689369787.0,0, 0, 0
1689369787.1,0, 0, 0
1689369787.2,0, 0, 0
1689369787.3,0, 0, 0
1689369787.4,0, 0, 0
1689369787.5,0, 0, 0
1689369787.6,0, 0, 0
1689369787.7,0, 0, 0
1689369787.8,0, 0, 0
1689369787.9,0, 0, 0
1689369788.0,0, 0, 0
1689369788.1,0, 0, 0
1689369788.2,0, 0, 0
1689369788.3,0, 0, 0
1689369788.4,0, 0, 0
1689369788.5,0, 0, 0
1689369788.6,0, 0, 0
1689369788.7,0, 0, 0
1689369788.8,0, 0, 0
1689369788.9,0, 0, 0
1689369789.0,0, 0, 0
1689369789.1,0, 0, 0
1689369789.2,0, 0, 0
1689369789.3,0, 0, 0
1689369789.4,0, 0, 0
1689369789.5,0, 0, 0
1689369789.6,0, 0, 0
1689369789.7,0, 0, 0
1689369789.8,0, 0, 0
1689369789.9,0, 0, 0
1689369790.0,0, 0, 0
1689369790.1,0, 0, 0
1689369790.2,0, 0, 0
1689369790.3,0, 0, 0
1689369790.4,0, 0, 0
1689369790.5,0, 0, 0
1689369790.6,0, 0, 0
1689369790.7,0, 0, 0
1689369790.8,0, 0, 0
1689369790.9,0, 0, 0
1689369791.0,0, 0, 0
1689369791.1,0, 0, 0
1689369791.2,0, 0, 0
1689369791.3,0, 0, 0
1689369791.4,0, 0, 0
1689369791.5,0, 0, 0
1689369791.6,0, 0, 0
1689369791.7,0, 0, 0
1689369791.8,0, 0, 0
1689369791.9,0, 0, 0
1689369792.0,0, 0, 0
1689369792.1,0, 0, 0
1689369792.2,0, 0, 0
1689369792.3,0, 0, 0
1689369792.4,0, 0, 0
1689369792.5,0, 0, 0
1689369792.6,0, 0, 0
1689369792.7,0, 0, 0
1689369792.8,0, 0, 0
1689369792.9,0, 0, 0
1689369793.0,0, 0, 0
1689369793.1,0, 0, 0
1689369793.2,0, 0, 0
1689369793.3,0, 0, 0
1689369793.4,0, 0, 0
1689369793.5,0, 0, 0
1689369793.6,0, 0, 0
1689369793.7,0, 0, 0
1689369793.8,0, 0, 0
1689369793.9,0, 0, 0
1689369794.0,0, 0, 0
1689369794.1,0, 0, 0
1689369794.2,0, 0, 0
1689369794.3,0, 0, 0
1689369794.4,0, 0, 0
1689369794.5,0, 0, 0
1689369794.6,0, 0, 0
1689369794.7,0, 0, 0
1689369794.8,0, 0, 0
1689369794.9,0, 0, 0
1689369795.0,0, 0, 0
1689369795.1,0, 0, 0
1689369795.2,0, 0, 0
1689369795.3,0, 0, 0
1689369795.4,0, 0, 0
1689369795.5,0, 0, 0
1689369795.6,0, 0, 0
1689369795.7,0, 0, 0
1689369795.8,0, 0, 0
1689369795.9,0, 0, 0
1689369796.0,0, 0, 0
1689369796.1,0, 0, 0
1689369796.2,0, 0, 0
1689369796.3,0, 0, 0
1689369796.4,0, 0, 0
1689369796.5,0, 0, 0
1689369796.6,0, 0, 0
1689369796.7,0, 0, 0
1689369796.8,0, 0, 0
1689369796.9,0, 0, 0
1689369797.0,0, 0, 0
1689369797.1,0, 0, 0
1689369797.2,0, 0, 0
1689369797.3,0, 0, 0
1689369797.4,0, 0, 0
